file,degradation,realHealth,degradedHealth,delta
crawl/action/the-avengers.fountain,SCENE_SHUFFLE,95.8,87.5,-8.3
crawl/action/the-avengers.fountain,MIDPOINT_DROP,95.8,94.8,-1
crawl/action/the-avengers.fountain,CLIMAX_RELOCATE,95.8,95.8,0
crawl/action/the-avengers.fountain,DIALOGUE_FLATTEN,95.8,77.8,-18
crawl/sci-fi/the-replacements-pdf.fountain,SCENE_SHUFFLE,87.6,68.6,-19
crawl/sci-fi/the-replacements-pdf.fountain,MIDPOINT_DROP,87.6,89.1,1.5
crawl/sci-fi/the-replacements-pdf.fountain,CLIMAX_RELOCATE,87.6,88,0.4
crawl/sci-fi/the-replacements-pdf.fountain,DIALOGUE_FLATTEN,87.6,69.8,-17.8
crawl/sci-fi/land-of-mine-pdf.fountain,SCENE_SHUFFLE,88.9,93.7,4.8
crawl/sci-fi/land-of-mine-pdf.fountain,MIDPOINT_DROP,88.9,88.2,-0.7
crawl/sci-fi/land-of-mine-pdf.fountain,CLIMAX_RELOCATE,88.9,88.3,-0.6
crawl/sci-fi/land-of-mine-pdf.fountain,DIALOGUE_FLATTEN,88.9,72.8,-16.1
crawl/comedy/the-shawshank-redemption.fountain,SCENE_SHUFFLE,96.9,96.9,0
crawl/comedy/the-shawshank-redemption.fountain,MIDPOINT_DROP,96.9,96,-0.9
crawl/comedy/the-shawshank-redemption.fountain,CLIMAX_RELOCATE,96.9,93.8,-3.1
crawl/comedy/the-shawshank-redemption.fountain,DIALOGUE_FLATTEN,96.9,78.9,-18
crawl/horror/simone.fountain,SCENE_SHUFFLE,89,63.2,-25.8
crawl/horror/simone.fountain,MIDPOINT_DROP,89,89.1,0.1
crawl/horror/simone.fountain,CLIMAX_RELOCATE,89,89,0
crawl/horror/simone.fountain,DIALOGUE_FLATTEN,89,71.2,-17.8
crawl/drama/kate-and-leopold.fountain,SCENE_SHUFFLE,80.2,79.5,-0.7
crawl/drama/kate-and-leopold.fountain,MIDPOINT_DROP,80.2,79.9,-0.3
crawl/drama/kate-and-leopold.fountain,CLIMAX_RELOCATE,80.2,89,8.8
crawl/drama/kate-and-leopold.fountain,DIALOGUE_FLATTEN,80.2,62.6,-17.6
Despicable_Me.fountain.txt,SCENE_SHUFFLE,88.3,88.3,0
Despicable_Me.fountain.txt,MIDPOINT_DROP,88.3,84.4,-3.9
Despicable_Me.fountain.txt,CLIMAX_RELOCATE,88.3,88.3,0
Despicable_Me.fountain.txt,DIALOGUE_FLATTEN,88.3,60.3,-28
teenage-mutant-ninja-turtles-mutant-mayhem-2023.fountain,SCENE_SHUFFLE,96.4,91.8,-4.6
teenage-mutant-ninja-turtles-mutant-mayhem-2023.fountain,MIDPOINT_DROP,96.4,91.5,-4.9
teenage-mutant-ninja-turtles-mutant-mayhem-2023.fountain,CLIMAX_RELOCATE,96.4,97.4,1
teenage-mutant-ninja-turtles-mutant-mayhem-2023.fountain,DIALOGUE_FLATTEN,96.4,69.5,-26.9
crawl/crime/the-sweet-hereafter.fountain,SCENE_SHUFFLE,88.9,65.2,-23.7
crawl/crime/the-sweet-hereafter.fountain,MIDPOINT_DROP,88.9,88.2,-0.7
crawl/crime/the-sweet-hereafter.fountain,CLIMAX_RELOCATE,88.9,88.9,0
crawl/crime/the-sweet-hereafter.fountain,DIALOGUE_FLATTEN,88.9,70.9,-18
crawl/adventure/ocean-s-eleven-pdf.fountain,SCENE_SHUFFLE,84.3,74.6,-9.7
crawl/adventure/ocean-s-eleven-pdf.fountain,MIDPOINT_DROP,84.3,87,2.7
crawl/adventure/ocean-s-eleven-pdf.fountain,CLIMAX_RELOCATE,84.3,84.3,0
crawl/adventure/ocean-s-eleven-pdf.fountain,DIALOGUE_FLATTEN,84.3,68,-16.3
crawl/action/unbreakable.fountain,SCENE_SHUFFLE,85.6,80.2,-5.4
crawl/action/unbreakable.fountain,MIDPOINT_DROP,85.6,82,-3.6
crawl/action/unbreakable.fountain,CLIMAX_RELOCATE,85.6,85.8,0.2
crawl/action/unbreakable.fountain,DIALOGUE_FLATTEN,85.6,64.7,-20.9
crawl/action/below.fountain,SCENE_SHUFFLE,85,87.1,2.1
crawl/action/below.fountain,MIDPOINT_DROP,85,84.9,-0.1
crawl/action/below.fountain,CLIMAX_RELOCATE,85,86.5,1.5
crawl/action/below.fountain,DIALOGUE_FLATTEN,85,60.9,-24.1
crawl/action/jerry-maguire.fountain,SCENE_SHUFFLE,89.6,65.7,-23.9
crawl/action/jerry-maguire.fountain,MIDPOINT_DROP,89.6,89.1,-0.5
crawl/action/jerry-maguire.fountain,CLIMAX_RELOCATE,89.6,89.3,-0.3
crawl/action/jerry-maguire.fountain,DIALOGUE_FLATTEN,89.6,65.2,-24.4
crawl/horror/spartan-html.fountain,SCENE_SHUFFLE,84,80.2,-3.8
crawl/horror/spartan-html.fountain,MIDPOINT_DROP,84,82.5,-1.5
crawl/horror/spartan-html.fountain,CLIMAX_RELOCATE,84,83.8,-0.2
crawl/horror/spartan-html.fountain,DIALOGUE_FLATTEN,84,67.3,-16.7
crawl/crime/hotel-rwanda.fountain,SCENE_SHUFFLE,89.3,83.6,-5.7
crawl/crime/hotel-rwanda.fountain,MIDPOINT_DROP,89.3,89.2,-0.1
crawl/crime/hotel-rwanda.fountain,CLIMAX_RELOCATE,89.3,89.3,0
crawl/crime/hotel-rwanda.fountain,DIALOGUE_FLATTEN,89.3,68.8,-20.5
crawl/crime/from-dusk-till-dawn.fountain,SCENE_SHUFFLE,97.1,81.1,-16
crawl/crime/from-dusk-till-dawn.fountain,MIDPOINT_DROP,97.1,96.4,-0.7
crawl/crime/from-dusk-till-dawn.fountain,CLIMAX_RELOCATE,97.1,97.1,0
crawl/crime/from-dusk-till-dawn.fountain,DIALOGUE_FLATTEN,97.1,79.1,-18
crawl/comedy/boy-who-never-slept.fountain,SCENE_SHUFFLE,79,83.8,4.8
crawl/comedy/boy-who-never-slept.fountain,MIDPOINT_DROP,79,71.2,-7.8
crawl/comedy/boy-who-never-slept.fountain,CLIMAX_RELOCATE,79,79,0
crawl/comedy/boy-who-never-slept.fountain,DIALOGUE_FLATTEN,79,55.2,-23.8
crawl/crime/mimic-html.fountain,SCENE_SHUFFLE,98.7,87.1,-11.6
crawl/crime/mimic-html.fountain,MIDPOINT_DROP,98.7,96.7,-2
crawl/crime/mimic-html.fountain,CLIMAX_RELOCATE,98.7,97.6,-1.1
crawl/crime/mimic-html.fountain,DIALOGUE_FLATTEN,98.7,80.6,-18.1
crawl/fantasy/the-game.fountain,SCENE_SHUFFLE,90.1,66.3,-23.8
crawl/fantasy/the-game.fountain,MIDPOINT_DROP,90.1,91.2,1.1
crawl/fantasy/the-game.fountain,CLIMAX_RELOCATE,90.1,88.7,-1.4
crawl/fantasy/the-game.fountain,DIALOGUE_FLATTEN,90.1,79,-11.1
crawl/sci-fi/sweet-november-pdf.fountain,SCENE_SHUFFLE,84.6,88.5,3.9
crawl/sci-fi/sweet-november-pdf.fountain,MIDPOINT_DROP,84.6,82.6,-2
crawl/sci-fi/sweet-november-pdf.fountain,CLIMAX_RELOCATE,84.6,85.1,0.5
crawl/sci-fi/sweet-november-pdf.fountain,DIALOGUE_FLATTEN,84.6,68.2,-16.4
Coraline.fountain.txt,SCENE_SHUFFLE,97.4,98.8,1.4
Coraline.fountain.txt,MIDPOINT_DROP,97.4,97,-0.4
Coraline.fountain.txt,CLIMAX_RELOCATE,97.4,97.2,-0.2
Coraline.fountain.txt,DIALOGUE_FLATTEN,97.4,70.7,-26.7
crawl/sci-fi/death-to-smoochy-pdf.fountain,SCENE_SHUFFLE,83.1,83,-0.1
crawl/sci-fi/death-to-smoochy-pdf.fountain,MIDPOINT_DROP,83.1,90.9,7.8
crawl/sci-fi/death-to-smoochy-pdf.fountain,CLIMAX_RELOCATE,83.1,82,-1.1
crawl/sci-fi/death-to-smoochy-pdf.fountain,DIALOGUE_FLATTEN,83.1,67.7,-15.4
crawl/sci-fi/bonfire-of-the-vanities-pdf.fountain,SCENE_SHUFFLE,88.7,68.5,-20.2
crawl/sci-fi/bonfire-of-the-vanities-pdf.fountain,MIDPOINT_DROP,88.7,88.2,-0.5
crawl/sci-fi/bonfire-of-the-vanities-pdf.fountain,CLIMAX_RELOCATE,88.7,89,0.3
crawl/sci-fi/bonfire-of-the-vanities-pdf.fountain,DIALOGUE_FLATTEN,88.7,71,-17.7
crawl/adventure/almost-famous.fountain,SCENE_SHUFFLE,91.6,88.6,-3
crawl/adventure/almost-famous.fountain,MIDPOINT_DROP,91.6,85.9,-5.7
crawl/adventure/almost-famous.fountain,CLIMAX_RELOCATE,91.6,91.6,0
crawl/adventure/almost-famous.fountain,DIALOGUE_FLATTEN,91.6,75.3,-16.3
crawl/action/storytelling.fountain,SCENE_SHUFFLE,71,70.1,-0.9
crawl/action/storytelling.fountain,MIDPOINT_DROP,71,70.1,-0.9
crawl/action/storytelling.fountain,CLIMAX_RELOCATE,71,74.1,3.1
crawl/action/storytelling.fountain,DIALOGUE_FLATTEN,71,46.9,-24.1
crawl/action/fight-club.fountain,SCENE_SHUFFLE,87.6,86.3,-1.3
crawl/action/fight-club.fountain,MIDPOINT_DROP,87.6,87.8,0.2
crawl/action/fight-club.fountain,CLIMAX_RELOCATE,87.6,86.9,-0.7
crawl/action/fight-club.fountain,DIALOGUE_FLATTEN,87.6,69.8,-17.8
crawl/action/blade-ii.fountain,SCENE_SHUFFLE,99,70,-29
crawl/action/blade-ii.fountain,MIDPOINT_DROP,99,98.7,-0.3
crawl/action/blade-ii.fountain,CLIMAX_RELOCATE,99,99,0
crawl/action/blade-ii.fountain,DIALOGUE_FLATTEN,99,81,-18
crawl/sci-fi/this-boy-s-life-pdf.fountain,SCENE_SHUFFLE,83.8,81.3,-2.5
crawl/sci-fi/this-boy-s-life-pdf.fountain,MIDPOINT_DROP,83.8,85.7,1.9
crawl/sci-fi/this-boy-s-life-pdf.fountain,CLIMAX_RELOCATE,83.8,83.4,-0.4
crawl/sci-fi/this-boy-s-life-pdf.fountain,DIALOGUE_FLATTEN,83.8,64.9,-18.9
crawl/action/star-trek-07-generations.fountain,SCENE_SHUFFLE,72,72,0
crawl/action/star-trek-07-generations.fountain,MIDPOINT_DROP,72,65,-7
crawl/action/star-trek-07-generations.fountain,CLIMAX_RELOCATE,72,72,0
crawl/action/star-trek-07-generations.fountain,DIALOGUE_FLATTEN,72,55.6,-16.4
crawl/drama/what-about-bob.fountain,SCENE_SHUFFLE,86.9,84.3,-2.6
crawl/drama/what-about-bob.fountain,MIDPOINT_DROP,86.9,88.7,1.8
crawl/drama/what-about-bob.fountain,CLIMAX_RELOCATE,86.9,86.9,0
crawl/drama/what-about-bob.fountain,DIALOGUE_FLATTEN,86.9,69.6,-17.3
crawl/horror/buffy-the-vampire-slayer.fountain,SCENE_SHUFFLE,80.8,81,0.2
crawl/horror/buffy-the-vampire-slayer.fountain,MIDPOINT_DROP,80.8,80.7,-0.1
crawl/horror/buffy-the-vampire-slayer.fountain,CLIMAX_RELOCATE,80.8,82.2,1.4
crawl/horror/buffy-the-vampire-slayer.fountain,DIALOGUE_FLATTEN,80.8,61.8,-19
crawl/horror/my-mother-dreams-the-satan-s-disciples-in-new-york.fountain,SCENE_SHUFFLE,82,77.3,-4.7
crawl/horror/my-mother-dreams-the-satan-s-disciples-in-new-york.fountain,MIDPOINT_DROP,82,81.6,-0.4
crawl/horror/my-mother-dreams-the-satan-s-disciples-in-new-york.fountain,CLIMAX_RELOCATE,82,87.6,5.6
crawl/horror/my-mother-dreams-the-satan-s-disciples-in-new-york.fountain,DIALOGUE_FLATTEN,82,63.8,-18.2
crawl/crime/bound.fountain,SCENE_SHUFFLE,84.2,86.6,2.4
crawl/crime/bound.fountain,MIDPOINT_DROP,84.2,85.4,1.2
crawl/crime/bound.fountain,CLIMAX_RELOCATE,84.2,84,-0.2
crawl/crime/bound.fountain,DIALOGUE_FLATTEN,84.2,65.9,-18.3
crawl/action/virtuosity.fountain,SCENE_SHUFFLE,72,72,0
crawl/action/virtuosity.fountain,MIDPOINT_DROP,72,65,-7
crawl/action/virtuosity.fountain,CLIMAX_RELOCATE,72,72,0
crawl/action/virtuosity.fountain,DIALOGUE_FLATTEN,72,55.6,-16.4
crawl/fantasy/pleasantville.fountain,SCENE_SHUFFLE,96.7,78.1,-18.6
crawl/fantasy/pleasantville.fountain,MIDPOINT_DROP,96.7,96.4,-0.3
crawl/fantasy/pleasantville.fountain,CLIMAX_RELOCATE,96.7,96.5,-0.2
crawl/fantasy/pleasantville.fountain,DIALOGUE_FLATTEN,96.7,81,-15.7
crawl/sci-fi/the-reader-pdf.fountain,SCENE_SHUFFLE,83.8,83.3,-0.5
crawl/sci-fi/the-reader-pdf.fountain,MIDPOINT_DROP,83.8,79.1,-4.7
crawl/sci-fi/the-reader-pdf.fountain,CLIMAX_RELOCATE,83.8,83.5,-0.3
crawl/sci-fi/the-reader-pdf.fountain,DIALOGUE_FLATTEN,83.8,65.5,-18.3
crawl/crime/john-wick-html.fountain,SCENE_SHUFFLE,81.4,83.8,2.4
crawl/crime/john-wick-html.fountain,MIDPOINT_DROP,81.4,83.3,1.9
crawl/crime/john-wick-html.fountain,CLIMAX_RELOCATE,81.4,81.2,-0.2
crawl/crime/john-wick-html.fountain,DIALOGUE_FLATTEN,81.4,65.1,-16.3
crawl/action/fargo.fountain,SCENE_SHUFFLE,81.9,87.6,5.7
crawl/action/fargo.fountain,MIDPOINT_DROP,81.9,78.2,-3.7
crawl/action/fargo.fountain,CLIMAX_RELOCATE,81.9,82.1,0.2
crawl/action/fargo.fountain,DIALOGUE_FLATTEN,81.9,66.8,-15.1
crawl/sci-fi/any-given-sunday-pdf.fountain,SCENE_SHUFFLE,87.6,83.7,-3.9
crawl/sci-fi/any-given-sunday-pdf.fountain,MIDPOINT_DROP,87.6,87.5,-0.1
crawl/sci-fi/any-given-sunday-pdf.fountain,CLIMAX_RELOCATE,87.6,87.6,0
crawl/sci-fi/any-given-sunday-pdf.fountain,DIALOGUE_FLATTEN,87.6,69.6,-18
Jaws.fountain.txt,SCENE_SHUFFLE,79.5,87.7,8.2
Jaws.fountain.txt,MIDPOINT_DROP,79.5,76,-3.5
Jaws.fountain.txt,CLIMAX_RELOCATE,79.5,77.9,-1.6
Jaws.fountain.txt,DIALOGUE_FLATTEN,79.5,66.6,-12.9
crawl/sci-fi/stuart-little-2-pdf.fountain,SCENE_SHUFFLE,81.7,88.5,6.8
crawl/sci-fi/stuart-little-2-pdf.fountain,MIDPOINT_DROP,81.7,82.1,0.4
crawl/sci-fi/stuart-little-2-pdf.fountain,CLIMAX_RELOCATE,81.7,82.4,0.7
crawl/sci-fi/stuart-little-2-pdf.fountain,DIALOGUE_FLATTEN,81.7,65.2,-16.5
crawl/sci-fi/the-fault-in-our-stars-pdf.fountain,SCENE_SHUFFLE,86.8,68.5,-18.3
crawl/sci-fi/the-fault-in-our-stars-pdf.fountain,MIDPOINT_DROP,86.8,85.5,-1.3
crawl/sci-fi/the-fault-in-our-stars-pdf.fountain,CLIMAX_RELOCATE,86.8,86.3,-0.5
crawl/sci-fi/the-fault-in-our-stars-pdf.fountain,DIALOGUE_FLATTEN,86.8,61.5,-25.3
crawl/sci-fi/collateral-damage-pdf.fountain,SCENE_SHUFFLE,82,64.5,-17.5
crawl/sci-fi/collateral-damage-pdf.fountain,MIDPOINT_DROP,82,81.2,-0.8
crawl/sci-fi/collateral-damage-pdf.fountain,CLIMAX_RELOCATE,82,82,0
crawl/sci-fi/collateral-damage-pdf.fountain,DIALOGUE_FLATTEN,82,68.9,-13.1
crawl/action/hanna-html.fountain,SCENE_SHUFFLE,82.5,82.5,0
crawl/action/hanna-html.fountain,MIDPOINT_DROP,82.5,80,-2.5
crawl/action/hanna-html.fountain,CLIMAX_RELOCATE,82.5,82.5,0
crawl/action/hanna-html.fountain,DIALOGUE_FLATTEN,82.5,64.9,-17.6
crawl/action/i-am-sam.fountain,SCENE_SHUFFLE,85.1,86.8,1.7
crawl/action/i-am-sam.fountain,MIDPOINT_DROP,85.1,85,-0.1
crawl/action/i-am-sam.fountain,CLIMAX_RELOCATE,85.1,84.5,-0.6
crawl/action/i-am-sam.fountain,DIALOGUE_FLATTEN,85.1,67.2,-17.9
crawl/sci-fi/matchstick-men-pdf.fountain,SCENE_SHUFFLE,87.9,85,-2.9
crawl/sci-fi/matchstick-men-pdf.fountain,MIDPOINT_DROP,87.9,87.3,-0.6
crawl/sci-fi/matchstick-men-pdf.fountain,CLIMAX_RELOCATE,87.9,87.8,-0.1
crawl/sci-fi/matchstick-men-pdf.fountain,DIALOGUE_FLATTEN,87.9,69.9,-18
crawl/crime/sling-blade.fountain,SCENE_SHUFFLE,81.2,84.3,3.1
crawl/crime/sling-blade.fountain,MIDPOINT_DROP,81.2,81.5,0.3
crawl/crime/sling-blade.fountain,CLIMAX_RELOCATE,81.2,78.5,-2.7
crawl/crime/sling-blade.fountain,DIALOGUE_FLATTEN,81.2,65.1,-16.1
crawl/fantasy/sexual-life.fountain,SCENE_SHUFFLE,88.6,56.9,-31.7
crawl/fantasy/sexual-life.fountain,MIDPOINT_DROP,88.6,87,-1.6
crawl/fantasy/sexual-life.fountain,CLIMAX_RELOCATE,88.6,87.5,-1.1
crawl/fantasy/sexual-life.fountain,DIALOGUE_FLATTEN,88.6,68.1,-20.5
crawl/sci-fi/last-flag-flying-pdf.fountain,SCENE_SHUFFLE,73.6,79.8,6.2
crawl/sci-fi/last-flag-flying-pdf.fountain,MIDPOINT_DROP,73.6,72.2,-1.4
crawl/sci-fi/last-flag-flying-pdf.fountain,CLIMAX_RELOCATE,73.6,75.7,2.1
crawl/sci-fi/last-flag-flying-pdf.fountain,DIALOGUE_FLATTEN,73.6,55.8,-17.8
over-the-moon-2020.fountain,SCENE_SHUFFLE,88.9,88.9,0
over-the-moon-2020.fountain,MIDPOINT_DROP,88.9,88.7,-0.2
over-the-moon-2020.fountain,CLIMAX_RELOCATE,88.9,88.9,0
over-the-moon-2020.fountain,DIALOGUE_FLATTEN,88.9,68.9,-20
crawl/sci-fi/hannibal.fountain,SCENE_SHUFFLE,84.1,73.8,-10.3
crawl/sci-fi/hannibal.fountain,MIDPOINT_DROP,84.1,82.8,-1.3
crawl/sci-fi/hannibal.fountain,CLIMAX_RELOCATE,84.1,83,-1.1
crawl/sci-fi/hannibal.fountain,DIALOGUE_FLATTEN,84.1,64.7,-19.4
crawl/sci-fi/memphis-belle-pdf.fountain,SCENE_SHUFFLE,82.9,87.7,4.8
crawl/sci-fi/memphis-belle-pdf.fountain,MIDPOINT_DROP,82.9,84.1,1.2
crawl/sci-fi/memphis-belle-pdf.fountain,CLIMAX_RELOCATE,82.9,82.2,-0.7
crawl/sci-fi/memphis-belle-pdf.fountain,DIALOGUE_FLATTEN,82.9,66,-16.9
darkymind-html.fountain,SCENE_SHUFFLE,96.9,78.7,-18.2
darkymind-html.fountain,MIDPOINT_DROP,96.9,97.8,0.9
darkymind-html.fountain,CLIMAX_RELOCATE,96.9,96.4,-0.5
darkymind-html.fountain,DIALOGUE_FLATTEN,96.9,63.5,-33.4
crawl/sci-fi/the-american-president.fountain,SCENE_SHUFFLE,89.5,67.6,-21.9
crawl/sci-fi/the-american-president.fountain,MIDPOINT_DROP,89.5,90.3,0.8
crawl/sci-fi/the-american-president.fountain,CLIMAX_RELOCATE,89.5,90.7,1.2
crawl/sci-fi/the-american-president.fountain,DIALOGUE_FLATTEN,89.5,70.9,-18.6
crawl/crime/face-off.fountain,SCENE_SHUFFLE,88.1,67.6,-20.5
crawl/crime/face-off.fountain,MIDPOINT_DROP,88.1,85,-3.1
crawl/crime/face-off.fountain,CLIMAX_RELOCATE,88.1,88.4,0.3
crawl/crime/face-off.fountain,DIALOGUE_FLATTEN,88.1,68.8,-19.3
anastasia-matched.fountain,SCENE_SHUFFLE,87.6,81,-6.6
anastasia-matched.fountain,MIDPOINT_DROP,87.6,87.1,-0.5
anastasia-matched.fountain,CLIMAX_RELOCATE,87.6,88.5,0.9
anastasia-matched.fountain,DIALOGUE_FLATTEN,87.6,70.2,-17.4
crawl/sci-fi/the-help-pdf.fountain,SCENE_SHUFFLE,89.4,84.4,-5
crawl/sci-fi/the-help-pdf.fountain,MIDPOINT_DROP,89.4,89.3,-0.1
crawl/sci-fi/the-help-pdf.fountain,CLIMAX_RELOCATE,89.4,89.4,0
crawl/sci-fi/the-help-pdf.fountain,DIALOGUE_FLATTEN,89.4,71.2,-18.2
Antz.fountain.txt,SCENE_SHUFFLE,82.7,74,-8.7
Antz.fountain.txt,MIDPOINT_DROP,82.7,82.5,-0.2
Antz.fountain.txt,CLIMAX_RELOCATE,82.7,84.6,1.9
Antz.fountain.txt,DIALOGUE_FLATTEN,82.7,60.8,-21.9
crawl/sci-fi/changeling-pdf.fountain,SCENE_SHUFFLE,94.7,86.7,-8
crawl/sci-fi/changeling-pdf.fountain,MIDPOINT_DROP,94.7,92.1,-2.6
crawl/sci-fi/changeling-pdf.fountain,CLIMAX_RELOCATE,94.7,95,0.3
crawl/sci-fi/changeling-pdf.fountain,DIALOGUE_FLATTEN,94.7,73.1,-21.6
crawl/fantasy/pleasantville-html.fountain,SCENE_SHUFFLE,96.8,78.3,-18.5
crawl/fantasy/pleasantville-html.fountain,MIDPOINT_DROP,96.8,96.5,-0.3
crawl/fantasy/pleasantville-html.fountain,CLIMAX_RELOCATE,96.8,96.7,-0.1
crawl/fantasy/pleasantville-html.fountain,DIALOGUE_FLATTEN,96.8,81,-15.8
crawl/sci-fi/disturbia-pdf.fountain,SCENE_SHUFFLE,93.3,95.5,2.2
crawl/sci-fi/disturbia-pdf.fountain,MIDPOINT_DROP,93.3,95,1.7
crawl/sci-fi/disturbia-pdf.fountain,CLIMAX_RELOCATE,93.3,93.3,0
crawl/sci-fi/disturbia-pdf.fountain,DIALOGUE_FLATTEN,93.3,78.1,-15.2
crawl/action/mimic.fountain,SCENE_SHUFFLE,98.6,87,-11.6
crawl/action/mimic.fountain,MIDPOINT_DROP,98.6,96.8,-1.8
crawl/action/mimic.fountain,CLIMAX_RELOCATE,98.6,97.6,-1
crawl/action/mimic.fountain,DIALOGUE_FLATTEN,98.6,80.5,-18.1
crawl/action/birthday-girl.fountain,SCENE_SHUFFLE,85.6,69.2,-16.4
crawl/action/birthday-girl.fountain,MIDPOINT_DROP,85.6,85.9,0.3
crawl/action/birthday-girl.fountain,CLIMAX_RELOCATE,85.6,86.3,0.7
crawl/action/birthday-girl.fountain,DIALOGUE_FLATTEN,85.6,67.6,-18
crawl/crime/panther.fountain,SCENE_SHUFFLE,93,69.3,-23.7
crawl/crime/panther.fountain,MIDPOINT_DROP,93,89.5,-3.5
crawl/crime/panther.fountain,CLIMAX_RELOCATE,93,93,0
crawl/crime/panther.fountain,DIALOGUE_FLATTEN,93,70.8,-22.2
Up.fountain.txt,SCENE_SHUFFLE,84.3,82.9,-1.4
Up.fountain.txt,MIDPOINT_DROP,84.3,87.1,2.8
Up.fountain.txt,CLIMAX_RELOCATE,84.3,85.3,1
Up.fountain.txt,DIALOGUE_FLATTEN,84.3,65.6,-18.7
crawl/sci-fi/the-kingdom-pdf.fountain,SCENE_SHUFFLE,89.8,87.5,-2.3
crawl/sci-fi/the-kingdom-pdf.fountain,MIDPOINT_DROP,89.8,90.3,0.5
crawl/sci-fi/the-kingdom-pdf.fountain,CLIMAX_RELOCATE,89.8,90.6,0.8
crawl/sci-fi/the-kingdom-pdf.fountain,DIALOGUE_FLATTEN,89.8,73,-16.8
crawl/action/life-as-a-house.fountain,SCENE_SHUFFLE,84.8,87.5,2.7
crawl/action/life-as-a-house.fountain,MIDPOINT_DROP,84.8,82.7,-2.1
crawl/action/life-as-a-house.fountain,CLIMAX_RELOCATE,84.8,84.3,-0.5
crawl/action/life-as-a-house.fountain,DIALOGUE_FLATTEN,84.8,70,-14.8
crawl/action/made.fountain,SCENE_SHUFFLE,86.2,88.6,2.4
crawl/action/made.fountain,MIDPOINT_DROP,86.2,83.7,-2.5
crawl/action/made.fountain,CLIMAX_RELOCATE,86.2,86.3,0.1
crawl/action/made.fountain,DIALOGUE_FLATTEN,86.2,57.6,-28.6
crawl/sci-fi/somewhere-pdf.fountain,SCENE_SHUFFLE,83.7,81.8,-1.9
crawl/sci-fi/somewhere-pdf.fountain,MIDPOINT_DROP,83.7,85.2,1.5
crawl/sci-fi/somewhere-pdf.fountain,CLIMAX_RELOCATE,83.7,82.9,-0.8
crawl/sci-fi/somewhere-pdf.fountain,DIALOGUE_FLATTEN,83.7,65.3,-18.4
crawl/sci-fi/12-and-holding-pdf.fountain,SCENE_SHUFFLE,77.8,83,5.2
crawl/sci-fi/12-and-holding-pdf.fountain,MIDPOINT_DROP,77.8,79.5,1.7
crawl/sci-fi/12-and-holding-pdf.fountain,CLIMAX_RELOCATE,77.8,75.5,-2.3
crawl/sci-fi/12-and-holding-pdf.fountain,DIALOGUE_FLATTEN,77.8,62.1,-15.7
crawl/action/halloween-6-the-curse-of-michael-myers-halloween-666-the-ori.fountain,SCENE_SHUFFLE,94.5,87.1,-7.4
crawl/action/halloween-6-the-curse-of-michael-myers-halloween-666-the-ori.fountain,MIDPOINT_DROP,94.5,93.7,-0.8
crawl/action/halloween-6-the-curse-of-michael-myers-halloween-666-the-ori.fountain,CLIMAX_RELOCATE,94.5,91.7,-2.8
crawl/action/halloween-6-the-curse-of-michael-myers-halloween-666-the-ori.fountain,DIALOGUE_FLATTEN,94.5,75.6,-18.9
crawl/action/the-battle-of-shaker-heights.fountain,SCENE_SHUFFLE,85.3,96.7,11.4
crawl/action/the-battle-of-shaker-heights.fountain,MIDPOINT_DROP,85.3,82.2,-3.1
crawl/action/the-battle-of-shaker-heights.fountain,CLIMAX_RELOCATE,85.3,85.8,0.5
crawl/action/the-battle-of-shaker-heights.fountain,DIALOGUE_FLATTEN,85.3,70.4,-14.9
crawl/fantasy/american-beauty.fountain,SCENE_SHUFFLE,83.7,91.4,7.7
crawl/fantasy/american-beauty.fountain,MIDPOINT_DROP,83.7,81.2,-2.5
crawl/fantasy/american-beauty.fountain,CLIMAX_RELOCATE,83.7,83.3,-0.4
crawl/fantasy/american-beauty.fountain,DIALOGUE_FLATTEN,83.7,71.9,-11.8
crawl/action/life.fountain,SCENE_SHUFFLE,95.8,74.1,-21.7
crawl/action/life.fountain,MIDPOINT_DROP,95.8,94.7,-1.1
crawl/action/life.fountain,CLIMAX_RELOCATE,95.8,96.4,0.6
crawl/action/life.fountain,DIALOGUE_FLATTEN,95.8,75,-20.8
crawl/sci-fi/room-pdf.fountain,SCENE_SHUFFLE,80.9,89.7,8.8
crawl/sci-fi/room-pdf.fountain,MIDPOINT_DROP,80.9,76.3,-4.6
crawl/sci-fi/room-pdf.fountain,CLIMAX_RELOCATE,80.9,81.2,0.3
crawl/sci-fi/room-pdf.fountain,DIALOGUE_FLATTEN,80.9,62.7,-18.2
crawl/sci-fi/macgruber-pdf.fountain,SCENE_SHUFFLE,83.1,86.6,3.5
crawl/sci-fi/macgruber-pdf.fountain,MIDPOINT_DROP,83.1,82.6,-0.5
crawl/sci-fi/macgruber-pdf.fountain,CLIMAX_RELOCATE,83.1,81.9,-1.2
crawl/sci-fi/macgruber-pdf.fountain,DIALOGUE_FLATTEN,83.1,67.2,-15.9
crawl/comedy/funny-people-pdf.fountain,SCENE_SHUFFLE,89.1,84.6,-4.5
crawl/comedy/funny-people-pdf.fountain,MIDPOINT_DROP,89.1,88.9,-0.2
crawl/comedy/funny-people-pdf.fountain,CLIMAX_RELOCATE,89.1,89.1,0
crawl/comedy/funny-people-pdf.fountain,DIALOGUE_FLATTEN,89.1,71.1,-18
crawl/action/the-crow-salvation.fountain,SCENE_SHUFFLE,98.1,91.7,-6.4
crawl/action/the-crow-salvation.fountain,MIDPOINT_DROP,98.1,96.8,-1.3
crawl/action/the-crow-salvation.fountain,CLIMAX_RELOCATE,98.1,98.2,0.1
crawl/action/the-crow-salvation.fountain,DIALOGUE_FLATTEN,98.1,81,-17.1
crawl/sci-fi/if-beale-street-could-talk-pdf.fountain,SCENE_SHUFFLE,82.7,88.1,5.4
crawl/sci-fi/if-beale-street-could-talk-pdf.fountain,MIDPOINT_DROP,82.7,83.8,1.1
crawl/sci-fi/if-beale-street-could-talk-pdf.fountain,CLIMAX_RELOCATE,82.7,82,-0.7
crawl/sci-fi/if-beale-street-could-talk-pdf.fountain,DIALOGUE_FLATTEN,82.7,58.8,-23.9
the-red-turtle-2016.fountain,SCENE_SHUFFLE,87.3,87.3,0
the-red-turtle-2016.fountain,MIDPOINT_DROP,87.3,84.4,-2.9
the-red-turtle-2016.fountain,CLIMAX_RELOCATE,87.3,87.3,0
the-red-turtle-2016.fountain,DIALOGUE_FLATTEN,87.3,87.3,0
crawl/sci-fi/donnie-darko-pdf.fountain,SCENE_SHUFFLE,79.8,79.4,-0.4
crawl/sci-fi/donnie-darko-pdf.fountain,MIDPOINT_DROP,79.8,76.3,-3.5
crawl/sci-fi/donnie-darko-pdf.fountain,CLIMAX_RELOCATE,79.8,78.6,-1.2
crawl/sci-fi/donnie-darko-pdf.fountain,DIALOGUE_FLATTEN,79.8,61.9,-17.9
crawl/sci-fi/far-from-the-maddening-crowd-pdf.fountain,SCENE_SHUFFLE,86.2,84.7,-1.5
crawl/sci-fi/far-from-the-maddening-crowd-pdf.fountain,MIDPOINT_DROP,86.2,85.9,-0.3
crawl/sci-fi/far-from-the-maddening-crowd-pdf.fountain,CLIMAX_RELOCATE,86.2,87.4,1.2
crawl/sci-fi/far-from-the-maddening-crowd-pdf.fountain,DIALOGUE_FLATTEN,86.2,69,-17.2
crawl/sci-fi/out-of-time-pdf.fountain,SCENE_SHUFFLE,86.1,76.4,-9.7
crawl/sci-fi/out-of-time-pdf.fountain,MIDPOINT_DROP,86.1,84.7,-1.4
crawl/sci-fi/out-of-time-pdf.fountain,CLIMAX_RELOCATE,86.1,85.7,-0.4
crawl/sci-fi/out-of-time-pdf.fountain,DIALOGUE_FLATTEN,86.1,67.6,-18.5
crawl/action/backdraft-html.fountain,SCENE_SHUFFLE,86,89.5,3.5
crawl/action/backdraft-html.fountain,MIDPOINT_DROP,86,85.5,-0.5
crawl/action/backdraft-html.fountain,CLIMAX_RELOCATE,86,85.8,-0.2
crawl/action/backdraft-html.fountain,DIALOGUE_FLATTEN,86,67.6,-18.4
raya-and-the-last-dragon-2021.fountain,SCENE_SHUFFLE,91.7,72.8,-18.9
raya-and-the-last-dragon-2021.fountain,MIDPOINT_DROP,91.7,92.4,0.7
raya-and-the-last-dragon-2021.fountain,CLIMAX_RELOCATE,91.7,92.2,0.5
raya-and-the-last-dragon-2021.fountain,DIALOGUE_FLATTEN,91.7,69.5,-22.2
crawl/sci-fi/save-the-last-dance-pdf.fountain,SCENE_SHUFFLE,87.1,87,-0.1
crawl/sci-fi/save-the-last-dance-pdf.fountain,MIDPOINT_DROP,87.1,88.9,1.8
crawl/sci-fi/save-the-last-dance-pdf.fountain,CLIMAX_RELOCATE,87.1,87.1,0
crawl/sci-fi/save-the-last-dance-pdf.fountain,DIALOGUE_FLATTEN,87.1,69.1,-18
crawl/horror/slash-pdf.fountain,SCENE_SHUFFLE,88.8,89.3,0.5
crawl/horror/slash-pdf.fountain,MIDPOINT_DROP,88.8,88.8,0
crawl/horror/slash-pdf.fountain,CLIMAX_RELOCATE,88.8,89.3,0.5
crawl/horror/slash-pdf.fountain,DIALOGUE_FLATTEN,88.8,71.3,-17.5
crawl/sci-fi/adaptation-pdf.fountain,SCENE_SHUFFLE,86.1,67.5,-18.6
crawl/sci-fi/adaptation-pdf.fountain,MIDPOINT_DROP,86.1,85.9,-0.2
crawl/sci-fi/adaptation-pdf.fountain,CLIMAX_RELOCATE,86.1,86.1,0
crawl/sci-fi/adaptation-pdf.fountain,DIALOGUE_FLATTEN,86.1,71.4,-14.7
crawl/sci-fi/rocknrolla-pdf.fountain,SCENE_SHUFFLE,88.5,85.6,-2.9
crawl/sci-fi/rocknrolla-pdf.fountain,MIDPOINT_DROP,88.5,94.8,6.3
crawl/sci-fi/rocknrolla-pdf.fountain,CLIMAX_RELOCATE,88.5,89,0.5
crawl/sci-fi/rocknrolla-pdf.fountain,DIALOGUE_FLATTEN,88.5,70.4,-18.1
crawl/sci-fi/okja-pdf.fountain,SCENE_SHUFFLE,98.9,98.9,0
crawl/sci-fi/okja-pdf.fountain,MIDPOINT_DROP,98.9,98.6,-0.3
crawl/sci-fi/okja-pdf.fountain,CLIMAX_RELOCATE,98.9,98.9,0
crawl/sci-fi/okja-pdf.fountain,DIALOGUE_FLATTEN,98.9,80.8,-18.1
crawl/sci-fi/at-first-sight.fountain,SCENE_SHUFFLE,82.4,63.5,-18.9
crawl/sci-fi/at-first-sight.fountain,MIDPOINT_DROP,82.4,84.9,2.5
crawl/sci-fi/at-first-sight.fountain,CLIMAX_RELOCATE,82.4,81.5,-0.9
crawl/sci-fi/at-first-sight.fountain,DIALOGUE_FLATTEN,82.4,61.7,-20.7
crawl/sci-fi/defiance-pdf.fountain,SCENE_SHUFFLE,81.1,86.8,5.7
crawl/sci-fi/defiance-pdf.fountain,MIDPOINT_DROP,81.1,83.7,2.6
crawl/sci-fi/defiance-pdf.fountain,CLIMAX_RELOCATE,81.1,82.2,1.1
crawl/sci-fi/defiance-pdf.fountain,DIALOGUE_FLATTEN,81.1,69.4,-11.7
crawl/sci-fi/man-trouble-pdf.fountain,SCENE_SHUFFLE,87.8,65.2,-22.6
crawl/sci-fi/man-trouble-pdf.fountain,MIDPOINT_DROP,87.8,85.9,-1.9
crawl/sci-fi/man-trouble-pdf.fountain,CLIMAX_RELOCATE,87.8,87.2,-0.6
crawl/sci-fi/man-trouble-pdf.fountain,DIALOGUE_FLATTEN,87.8,69.6,-18.2
crawl/action/the-fisher-king.fountain,SCENE_SHUFFLE,85.2,81.5,-3.7
crawl/action/the-fisher-king.fountain,MIDPOINT_DROP,85.2,87,1.8
crawl/action/the-fisher-king.fountain,CLIMAX_RELOCATE,85.2,85.8,0.6
crawl/action/the-fisher-king.fountain,DIALOGUE_FLATTEN,85.2,66.7,-18.5
crawl/fantasy/bad-santa.fountain,SCENE_SHUFFLE,85.5,67.6,-17.9
crawl/fantasy/bad-santa.fountain,MIDPOINT_DROP,85.5,83,-2.5
crawl/fantasy/bad-santa.fountain,CLIMAX_RELOCATE,85.5,85,-0.5
crawl/fantasy/bad-santa.fountain,DIALOGUE_FLATTEN,85.5,70.2,-15.3
crawl/adventure/forrest-gump.fountain,SCENE_SHUFFLE,75.3,87.1,11.8
crawl/adventure/forrest-gump.fountain,MIDPOINT_DROP,75.3,80.7,5.4
crawl/adventure/forrest-gump.fountain,CLIMAX_RELOCATE,75.3,75.2,-0.1
crawl/adventure/forrest-gump.fountain,DIALOGUE_FLATTEN,75.3,58.3,-17
crawl/fantasy/election.fountain,SCENE_SHUFFLE,89.7,77,-12.7
crawl/fantasy/election.fountain,MIDPOINT_DROP,89.7,89.4,-0.3
crawl/fantasy/election.fountain,CLIMAX_RELOCATE,89.7,89.8,0.1
crawl/fantasy/election.fountain,DIALOGUE_FLATTEN,89.7,72.7,-17
crawl/fantasy/how-to-train-your-dragon-html.fountain,SCENE_SHUFFLE,93.1,95.4,2.3
crawl/fantasy/how-to-train-your-dragon-html.fountain,MIDPOINT_DROP,93.1,94.6,1.5
crawl/fantasy/how-to-train-your-dragon-html.fountain,CLIMAX_RELOCATE,93.1,93.1,0
crawl/fantasy/how-to-train-your-dragon-html.fountain,DIALOGUE_FLATTEN,93.1,76,-17.1
crawl/horror/the-nightmare-before-christmas.fountain,SCENE_SHUFFLE,87.7,67.2,-20.5
crawl/horror/the-nightmare-before-christmas.fountain,MIDPOINT_DROP,87.7,83.3,-4.4
crawl/horror/the-nightmare-before-christmas.fountain,CLIMAX_RELOCATE,87.7,86.7,-1
crawl/horror/the-nightmare-before-christmas.fountain,DIALOGUE_FLATTEN,87.7,70.2,-17.5
crawl/action/the-family-man.fountain,SCENE_SHUFFLE,97.5,98.4,0.9
crawl/action/the-family-man.fountain,MIDPOINT_DROP,97.5,98,0.5
crawl/action/the-family-man.fountain,CLIMAX_RELOCATE,97.5,96.7,-0.8
crawl/action/the-family-man.fountain,DIALOGUE_FLATTEN,97.5,80.2,-17.3
crawl/action/15-minutes.fountain,SCENE_SHUFFLE,92.4,83.6,-8.8
crawl/action/15-minutes.fountain,MIDPOINT_DROP,92.4,93.8,1.4
crawl/action/15-minutes.fountain,CLIMAX_RELOCATE,92.4,92.4,0
crawl/action/15-minutes.fountain,DIALOGUE_FLATTEN,92.4,77,-15.4
crawl/action/chasing-amy.fountain,SCENE_SHUFFLE,96.6,92.9,-3.7
crawl/action/chasing-amy.fountain,MIDPOINT_DROP,96.6,95.8,-0.8
crawl/action/chasing-amy.fountain,CLIMAX_RELOCATE,96.6,96.4,-0.2
crawl/action/chasing-amy.fountain,DIALOGUE_FLATTEN,96.6,77.4,-19.2
crawl/sci-fi/hard-rain.fountain,SCENE_SHUFFLE,87.4,89.1,1.7
crawl/sci-fi/hard-rain.fountain,MIDPOINT_DROP,87.4,88.6,1.2
crawl/sci-fi/hard-rain.fountain,CLIMAX_RELOCATE,87.4,86.8,-0.6
crawl/sci-fi/hard-rain.fountain,DIALOGUE_FLATTEN,87.4,70,-17.4
crawl/crime/memento.fountain,SCENE_SHUFFLE,76.7,76.7,0
crawl/crime/memento.fountain,MIDPOINT_DROP,76.7,72,-4.7
crawl/crime/memento.fountain,CLIMAX_RELOCATE,76.7,76.7,0
crawl/crime/memento.fountain,DIALOGUE_FLATTEN,76.7,60.3,-16.4
crawl/sci-fi/crank-pdf.fountain,SCENE_SHUFFLE,89.8,86.8,-3
crawl/sci-fi/crank-pdf.fountain,MIDPOINT_DROP,89.8,89.4,-0.4
crawl/sci-fi/crank-pdf.fountain,CLIMAX_RELOCATE,89.8,90.1,0.3
crawl/sci-fi/crank-pdf.fountain,DIALOGUE_FLATTEN,89.8,73.2,-16.6
room-12.fountain,SCENE_SHUFFLE,27.3,52.9,25.6
room-12.fountain,MIDPOINT_DROP,27.3,63.2,35.9
room-12.fountain,CLIMAX_RELOCATE,27.3,49.8,22.5
room-12.fountain,DIALOGUE_FLATTEN,27.3,0,-27.3
crawl/sci-fi/analyse-that-pdf.fountain,SCENE_SHUFFLE,75.7,89.1,13.4
crawl/sci-fi/analyse-that-pdf.fountain,MIDPOINT_DROP,75.7,74.7,-1
crawl/sci-fi/analyse-that-pdf.fountain,CLIMAX_RELOCATE,75.7,75.8,0.1
crawl/sci-fi/analyse-that-pdf.fountain,DIALOGUE_FLATTEN,75.7,57.9,-17.8
crawl/action/hellboy.fountain,SCENE_SHUFFLE,85.4,69.5,-15.9
crawl/action/hellboy.fountain,MIDPOINT_DROP,85.4,83.5,-1.9
crawl/action/hellboy.fountain,CLIMAX_RELOCATE,85.4,85.1,-0.3
crawl/action/hellboy.fountain,DIALOGUE_FLATTEN,85.4,70,-15.4
crawl/action/new-nightmare.fountain,SCENE_SHUFFLE,87.6,81.7,-5.9
crawl/action/new-nightmare.fountain,MIDPOINT_DROP,87.6,84.9,-2.7
crawl/action/new-nightmare.fountain,CLIMAX_RELOCATE,87.6,87.5,-0.1
crawl/action/new-nightmare.fountain,DIALOGUE_FLATTEN,87.6,77.3,-10.3
crawl/sci-fi/foundation-pdf.fountain,SCENE_SHUFFLE,85,74.5,-10.5
crawl/sci-fi/foundation-pdf.fountain,MIDPOINT_DROP,85,85.1,0.1
crawl/sci-fi/foundation-pdf.fountain,CLIMAX_RELOCATE,85,83.3,-1.7
crawl/sci-fi/foundation-pdf.fountain,DIALOGUE_FLATTEN,85,68.1,-16.9
crawl/crime/bodies-rest-motion.fountain,SCENE_SHUFFLE,88.6,82.3,-6.3
crawl/crime/bodies-rest-motion.fountain,MIDPOINT_DROP,88.6,84.1,-4.5
crawl/crime/bodies-rest-motion.fountain,CLIMAX_RELOCATE,88.6,88.1,-0.5
crawl/crime/bodies-rest-motion.fountain,DIALOGUE_FLATTEN,88.6,68.8,-19.8
crawl/action/detroit-rock-city.fountain,SCENE_SHUFFLE,95.1,74.2,-20.9
crawl/action/detroit-rock-city.fountain,MIDPOINT_DROP,95.1,95.1,0
crawl/action/detroit-rock-city.fountain,CLIMAX_RELOCATE,95.1,94.8,-0.3
crawl/action/detroit-rock-city.fountain,DIALOGUE_FLATTEN,95.1,71.9,-23.2
crawl/sci-fi/a-walk-to-remember-pdf.fountain,SCENE_SHUFFLE,83.2,83.9,0.7
crawl/sci-fi/a-walk-to-remember-pdf.fountain,MIDPOINT_DROP,83.2,84.1,0.9
crawl/sci-fi/a-walk-to-remember-pdf.fountain,CLIMAX_RELOCATE,83.2,82.9,-0.3
crawl/sci-fi/a-walk-to-remember-pdf.fountain,DIALOGUE_FLATTEN,83.2,65.9,-17.3
crawl/horror/ghost-ship.fountain,SCENE_SHUFFLE,80.5,89.5,9
crawl/horror/ghost-ship.fountain,MIDPOINT_DROP,80.5,78.1,-2.4
crawl/horror/ghost-ship.fountain,CLIMAX_RELOCATE,80.5,81,0.5
crawl/horror/ghost-ship.fountain,DIALOGUE_FLATTEN,80.5,63.9,-16.6
crawl/drama/cobb-pdf.fountain,SCENE_SHUFFLE,84.7,80.3,-4.4
crawl/drama/cobb-pdf.fountain,MIDPOINT_DROP,84.7,85,0.3
crawl/drama/cobb-pdf.fountain,CLIMAX_RELOCATE,84.7,83.8,-0.9
crawl/drama/cobb-pdf.fountain,DIALOGUE_FLATTEN,84.7,66.1,-18.6
crawl/fantasy/the-queen-pdf.fountain,SCENE_SHUFFLE,88.7,66.2,-22.5
crawl/fantasy/the-queen-pdf.fountain,MIDPOINT_DROP,88.7,88.9,0.2
crawl/fantasy/the-queen-pdf.fountain,CLIMAX_RELOCATE,88.7,88.2,-0.5
crawl/fantasy/the-queen-pdf.fountain,DIALOGUE_FLATTEN,88.7,70.7,-18
crawl/drama/sling-blade.fountain,SCENE_SHUFFLE,79.8,69.4,-10.4
crawl/drama/sling-blade.fountain,MIDPOINT_DROP,79.8,78.6,-1.2
crawl/drama/sling-blade.fountain,CLIMAX_RELOCATE,79.8,81.5,1.7
crawl/drama/sling-blade.fountain,DIALOGUE_FLATTEN,79.8,62.6,-17.2
crawl/crime/minority-report.fountain,SCENE_SHUFFLE,90,67.1,-22.9
crawl/crime/minority-report.fountain,MIDPOINT_DROP,90,80.3,-9.7
crawl/crime/minority-report.fountain,CLIMAX_RELOCATE,90,89.5,-0.5
crawl/crime/minority-report.fountain,DIALOGUE_FLATTEN,90,71.4,-18.6
crawl/war/warm-springs.fountain,SCENE_SHUFFLE,87.2,94.1,6.9
crawl/war/warm-springs.fountain,MIDPOINT_DROP,87.2,84.7,-2.5
crawl/war/warm-springs.fountain,CLIMAX_RELOCATE,87.2,88.5,1.3
crawl/war/warm-springs.fountain,DIALOGUE_FLATTEN,87.2,69.3,-17.9
the-lion-king-1994.fountain.txt,SCENE_SHUFFLE,87.7,84.1,-3.6
the-lion-king-1994.fountain.txt,MIDPOINT_DROP,87.7,87.4,-0.3
the-lion-king-1994.fountain.txt,CLIMAX_RELOCATE,87.7,87.3,-0.4
the-lion-king-1994.fountain.txt,DIALOGUE_FLATTEN,87.7,69.5,-18.2
crawl/drama/the-man-who-wasn-t-there.fountain,SCENE_SHUFFLE,79.8,84.9,5.1
crawl/drama/the-man-who-wasn-t-there.fountain,MIDPOINT_DROP,79.8,83.1,3.3
crawl/drama/the-man-who-wasn-t-there.fountain,CLIMAX_RELOCATE,79.8,80.9,1.1
crawl/drama/the-man-who-wasn-t-there.fountain,DIALOGUE_FLATTEN,79.8,63.4,-16.4
crawl/action/toy-story.fountain,SCENE_SHUFFLE,90.2,98.1,7.9
crawl/action/toy-story.fountain,MIDPOINT_DROP,90.2,93.3,3.1
crawl/action/toy-story.fountain,CLIMAX_RELOCATE,90.2,89.2,-1
crawl/action/toy-story.fountain,DIALOGUE_FLATTEN,90.2,67.8,-22.4
Who Framed Roger Rabbit.fountain.txt,SCENE_SHUFFLE,98.6,98,-0.6
Who Framed Roger Rabbit.fountain.txt,MIDPOINT_DROP,98.6,98.4,-0.2
Who Framed Roger Rabbit.fountain.txt,CLIMAX_RELOCATE,98.6,98.7,0.1
Who Framed Roger Rabbit.fountain.txt,DIALOGUE_FLATTEN,98.6,70.7,-27.9
crawl/action/austin-powers-2-the-spy-who-shagged-me.fountain,SCENE_SHUFFLE,78.5,82.1,3.6
crawl/action/austin-powers-2-the-spy-who-shagged-me.fountain,MIDPOINT_DROP,78.5,82.3,3.8
crawl/action/austin-powers-2-the-spy-who-shagged-me.fountain,CLIMAX_RELOCATE,78.5,77.1,-1.4
crawl/action/austin-powers-2-the-spy-who-shagged-me.fountain,DIALOGUE_FLATTEN,78.5,62.5,-16
crawl/crime/invictus-html.fountain,SCENE_SHUFFLE,80.1,65.4,-14.7
crawl/crime/invictus-html.fountain,MIDPOINT_DROP,80.1,79.3,-0.8
crawl/crime/invictus-html.fountain,CLIMAX_RELOCATE,80.1,79.6,-0.5
crawl/crime/invictus-html.fountain,DIALOGUE_FLATTEN,80.1,64.2,-15.9
crawl/sci-fi/gattaca.fountain,SCENE_SHUFFLE,97.7,79,-18.7
crawl/sci-fi/gattaca.fountain,MIDPOINT_DROP,97.7,96.5,-1.2
crawl/sci-fi/gattaca.fountain,CLIMAX_RELOCATE,97.7,97.7,0
crawl/sci-fi/gattaca.fountain,DIALOGUE_FLATTEN,97.7,80.2,-17.5
crawl/sci-fi/the-pacifier-pdf.fountain,SCENE_SHUFFLE,88.3,89.4,1.1
crawl/sci-fi/the-pacifier-pdf.fountain,MIDPOINT_DROP,88.3,89.2,0.9
crawl/sci-fi/the-pacifier-pdf.fountain,CLIMAX_RELOCATE,88.3,87.6,-0.7
crawl/sci-fi/the-pacifier-pdf.fountain,DIALOGUE_FLATTEN,88.3,70,-18.3
crawl/sci-fi/absolute-power-pdf.fountain,SCENE_SHUFFLE,88.5,68.8,-19.7
crawl/sci-fi/absolute-power-pdf.fountain,MIDPOINT_DROP,88.5,88.9,0.4
crawl/sci-fi/absolute-power-pdf.fountain,CLIMAX_RELOCATE,88.5,88.2,-0.3
crawl/sci-fi/absolute-power-pdf.fountain,DIALOGUE_FLATTEN,88.5,70.5,-18
crawl/action/mission-impossible.fountain,SCENE_SHUFFLE,89.3,69.3,-20
crawl/action/mission-impossible.fountain,MIDPOINT_DROP,89.3,89.2,-0.1
crawl/action/mission-impossible.fountain,CLIMAX_RELOCATE,89.3,89.2,-0.1
crawl/action/mission-impossible.fountain,DIALOGUE_FLATTEN,89.3,71.3,-18
crawl/crime/king-kong-pdf.fountain,SCENE_SHUFFLE,89.5,63.3,-26.2
crawl/crime/king-kong-pdf.fountain,MIDPOINT_DROP,89.5,89.4,-0.1
crawl/crime/king-kong-pdf.fountain,CLIMAX_RELOCATE,89.5,89.5,0
crawl/crime/king-kong-pdf.fountain,DIALOGUE_FLATTEN,89.5,74.3,-15.2
crawl/action/quills.fountain,SCENE_SHUFFLE,83.5,92.5,9
crawl/action/quills.fountain,MIDPOINT_DROP,83.5,88,4.5
crawl/action/quills.fountain,CLIMAX_RELOCATE,83.5,82.2,-1.3
crawl/action/quills.fountain,DIALOGUE_FLATTEN,83.5,57.5,-26
crawl/sci-fi/hard-to-kill-pdf.fountain,SCENE_SHUFFLE,89.5,82,-7.5
crawl/sci-fi/hard-to-kill-pdf.fountain,MIDPOINT_DROP,89.5,89.2,-0.3
crawl/sci-fi/hard-to-kill-pdf.fountain,CLIMAX_RELOCATE,89.5,87.6,-1.9
crawl/sci-fi/hard-to-kill-pdf.fountain,DIALOGUE_FLATTEN,89.5,71.6,-17.9
crawl/adventure/signs.fountain,SCENE_SHUFFLE,78.3,75.5,-2.8
crawl/adventure/signs.fountain,MIDPOINT_DROP,78.3,78,-0.3
crawl/adventure/signs.fountain,CLIMAX_RELOCATE,78.3,79.9,1.6
crawl/adventure/signs.fountain,DIALOGUE_FLATTEN,78.3,62.6,-15.7
crawl/sci-fi/ftkmf-first-they-killed-my-father-pdf.fountain,SCENE_SHUFFLE,89.3,78.5,-10.8
crawl/sci-fi/ftkmf-first-they-killed-my-father-pdf.fountain,MIDPOINT_DROP,89.3,90.7,1.4
crawl/sci-fi/ftkmf-first-they-killed-my-father-pdf.fountain,CLIMAX_RELOCATE,89.3,90.5,1.2
crawl/sci-fi/ftkmf-first-they-killed-my-father-pdf.fountain,DIALOGUE_FLATTEN,89.3,70.3,-19
crawl/action/the-butterfly-effect.fountain,SCENE_SHUFFLE,88.3,89.3,1
crawl/action/the-butterfly-effect.fountain,MIDPOINT_DROP,88.3,88.1,-0.2
crawl/action/the-butterfly-effect.fountain,CLIMAX_RELOCATE,88.3,87.9,-0.4
crawl/action/the-butterfly-effect.fountain,DIALOGUE_FLATTEN,88.3,71.3,-17
crawl/crime/magnolia.fountain,SCENE_SHUFFLE,77.8,89.7,11.9
crawl/crime/magnolia.fountain,MIDPOINT_DROP,77.8,75.6,-2.2
crawl/crime/magnolia.fountain,CLIMAX_RELOCATE,77.8,77.9,0.1
crawl/crime/magnolia.fountain,DIALOGUE_FLATTEN,77.8,61.3,-16.5
crawl/horror/signs-html.fountain,SCENE_SHUFFLE,80.2,75.4,-4.8
crawl/horror/signs-html.fountain,MIDPOINT_DROP,80.2,80,-0.2
crawl/horror/signs-html.fountain,CLIMAX_RELOCATE,80.2,79.7,-0.5
crawl/horror/signs-html.fountain,DIALOGUE_FLATTEN,80.2,65.3,-14.9
crawl/sci-fi/while-we-re-young-pdf.fountain,SCENE_SHUFFLE,86.2,65.6,-20.6
crawl/sci-fi/while-we-re-young-pdf.fountain,MIDPOINT_DROP,86.2,84.6,-1.6
crawl/sci-fi/while-we-re-young-pdf.fountain,CLIMAX_RELOCATE,86.2,86.2,0
crawl/sci-fi/while-we-re-young-pdf.fountain,DIALOGUE_FLATTEN,86.2,69.3,-16.9
Shrek_The_Third.fountain.txt,SCENE_SHUFFLE,90.6,91.9,1.3
Shrek_The_Third.fountain.txt,MIDPOINT_DROP,90.6,89.2,-1.4
Shrek_The_Third.fountain.txt,CLIMAX_RELOCATE,90.6,90.6,0
Shrek_The_Third.fountain.txt,DIALOGUE_FLATTEN,90.6,70.1,-20.5
crawl/action/the-rules-of-attraction-pdf.fountain,SCENE_SHUFFLE,96.6,75.7,-20.9
crawl/action/the-rules-of-attraction-pdf.fountain,MIDPOINT_DROP,96.6,97.4,0.8
crawl/action/the-rules-of-attraction-pdf.fountain,CLIMAX_RELOCATE,96.6,96.2,-0.4
crawl/action/the-rules-of-attraction-pdf.fountain,DIALOGUE_FLATTEN,96.6,78,-18.6
crawl/drama/schindler-s-list.fountain,SCENE_SHUFFLE,89.5,65.5,-24
crawl/drama/schindler-s-list.fountain,MIDPOINT_DROP,89.5,89.4,-0.1
crawl/drama/schindler-s-list.fountain,CLIMAX_RELOCATE,89.5,89.5,0
crawl/drama/schindler-s-list.fountain,DIALOGUE_FLATTEN,89.5,71.5,-18
crawl/sci-fi/spanglish-pdf.fountain,SCENE_SHUFFLE,89.3,64.8,-24.5
crawl/sci-fi/spanglish-pdf.fountain,MIDPOINT_DROP,89.3,89.1,-0.2
crawl/sci-fi/spanglish-pdf.fountain,CLIMAX_RELOCATE,89.3,89.3,0
crawl/sci-fi/spanglish-pdf.fountain,DIALOGUE_FLATTEN,89.3,71.4,-17.9
crawl/sci-fi/wreck-it-ralph-pdf.fountain,SCENE_SHUFFLE,94.5,96.7,2.2
crawl/sci-fi/wreck-it-ralph-pdf.fountain,MIDPOINT_DROP,94.5,90.6,-3.9
crawl/sci-fi/wreck-it-ralph-pdf.fountain,CLIMAX_RELOCATE,94.5,95.5,1
crawl/sci-fi/wreck-it-ralph-pdf.fountain,DIALOGUE_FLATTEN,94.5,74.1,-20.4
crawl/fantasy/four-rooms.fountain,SCENE_SHUFFLE,94.9,96.2,1.3
crawl/fantasy/four-rooms.fountain,MIDPOINT_DROP,94.9,95.2,0.3
crawl/fantasy/four-rooms.fountain,CLIMAX_RELOCATE,94.9,92.8,-2.1
crawl/fantasy/four-rooms.fountain,DIALOGUE_FLATTEN,94.9,77.9,-17
crawl/action/independence-day.fountain,SCENE_SHUFFLE,87.1,86,-1.1
crawl/action/independence-day.fountain,MIDPOINT_DROP,87.1,84.5,-2.6
crawl/action/independence-day.fountain,CLIMAX_RELOCATE,87.1,85.9,-1.2
crawl/action/independence-day.fountain,DIALOGUE_FLATTEN,87.1,69.4,-17.7
crawl/action/nixon.fountain,SCENE_SHUFFLE,85.4,71.8,-13.6
crawl/action/nixon.fountain,MIDPOINT_DROP,85.4,82,-3.4
crawl/action/nixon.fountain,CLIMAX_RELOCATE,85.4,84.6,-0.8
crawl/action/nixon.fountain,DIALOGUE_FLATTEN,85.4,64.5,-20.9
crawl/crime/godfather-html.fountain,SCENE_SHUFFLE,91.3,89.6,-1.7
crawl/crime/godfather-html.fountain,MIDPOINT_DROP,91.3,87.3,-4
crawl/crime/godfather-html.fountain,CLIMAX_RELOCATE,91.3,91.3,0
crawl/crime/godfather-html.fountain,DIALOGUE_FLATTEN,91.3,79.8,-11.5
crawl/fantasy/stepmom.fountain,SCENE_SHUFFLE,84.3,80.7,-3.6
crawl/fantasy/stepmom.fountain,MIDPOINT_DROP,84.3,79.9,-4.4
crawl/fantasy/stepmom.fountain,CLIMAX_RELOCATE,84.3,84.5,0.2
crawl/fantasy/stepmom.fountain,DIALOGUE_FLATTEN,84.3,68.6,-15.7
crawl/crime/jfk.fountain,SCENE_SHUFFLE,96.6,96.2,-0.4
crawl/crime/jfk.fountain,MIDPOINT_DROP,96.6,96.9,0.3
crawl/crime/jfk.fountain,CLIMAX_RELOCATE,96.6,95.2,-1.4
crawl/crime/jfk.fountain,DIALOGUE_FLATTEN,96.6,80,-16.6
crawl/action/hannibal.fountain,SCENE_SHUFFLE,79.2,78.4,-0.8
crawl/action/hannibal.fountain,MIDPOINT_DROP,79.2,82.2,3
crawl/action/hannibal.fountain,CLIMAX_RELOCATE,79.2,78.5,-0.7
crawl/action/hannibal.fountain,DIALOGUE_FLATTEN,79.2,61.5,-17.7
crawl/sci-fi/the-greatest-muppet-movie-of-all-time-filmed-as-the-muppets-.fountain,SCENE_SHUFFLE,89.1,82.7,-6.4
crawl/sci-fi/the-greatest-muppet-movie-of-all-time-filmed-as-the-muppets-.fountain,MIDPOINT_DROP,89.1,93.3,4.2
crawl/sci-fi/the-greatest-muppet-movie-of-all-time-filmed-as-the-muppets-.fountain,CLIMAX_RELOCATE,89.1,86.9,-2.2
crawl/sci-fi/the-greatest-muppet-movie-of-all-time-filmed-as-the-muppets-.fountain,DIALOGUE_FLATTEN,89.1,69.6,-19.5
crawl/action/resident-evil-romero-unproduced.fountain,SCENE_SHUFFLE,90.5,93.5,3
crawl/action/resident-evil-romero-unproduced.fountain,MIDPOINT_DROP,90.5,86,-4.5
crawl/action/resident-evil-romero-unproduced.fountain,CLIMAX_RELOCATE,90.5,91,0.5
crawl/action/resident-evil-romero-unproduced.fountain,DIALOGUE_FLATTEN,90.5,77.5,-13
crawl/adventure/big-fish.fountain,SCENE_SHUFFLE,86.3,69.7,-16.6
crawl/adventure/big-fish.fountain,MIDPOINT_DROP,86.3,87.8,1.5
crawl/adventure/big-fish.fountain,CLIMAX_RELOCATE,86.3,85.9,-0.4
crawl/adventure/big-fish.fountain,DIALOGUE_FLATTEN,86.3,67.6,-18.7
crawl/action/3-kings.fountain,SCENE_SHUFFLE,81.9,86.8,4.9
crawl/action/3-kings.fountain,MIDPOINT_DROP,81.9,89.7,7.8
crawl/action/3-kings.fountain,CLIMAX_RELOCATE,81.9,83.7,1.8
crawl/action/3-kings.fountain,DIALOGUE_FLATTEN,81.9,73.3,-8.6
crawl/action/living-in-oblivion.fountain,SCENE_SHUFFLE,77.9,93.1,15.2
crawl/action/living-in-oblivion.fountain,MIDPOINT_DROP,77.9,77.2,-0.7
crawl/action/living-in-oblivion.fountain,CLIMAX_RELOCATE,77.9,78.7,0.8
crawl/action/living-in-oblivion.fountain,DIALOGUE_FLATTEN,77.9,61.2,-16.7
crawl/sci-fi/the-last-boy-scout-pdf.fountain,SCENE_SHUFFLE,86.3,79.4,-6.9
crawl/sci-fi/the-last-boy-scout-pdf.fountain,MIDPOINT_DROP,86.3,85.9,-0.4
crawl/sci-fi/the-last-boy-scout-pdf.fountain,CLIMAX_RELOCATE,86.3,87.1,0.8
crawl/sci-fi/the-last-boy-scout-pdf.fountain,DIALOGUE_FLATTEN,86.3,70.8,-15.5
toy-story-4-2019.fountain,SCENE_SHUFFLE,87.3,83.5,-3.8
toy-story-4-2019.fountain,MIDPOINT_DROP,87.3,84.6,-2.7
toy-story-4-2019.fountain,CLIMAX_RELOCATE,87.3,87,-0.3
toy-story-4-2019.fountain,DIALOGUE_FLATTEN,87.3,66.8,-20.5
crawl/fantasy/ali-html.fountain,SCENE_SHUFFLE,78.8,65.6,-13.2
crawl/fantasy/ali-html.fountain,MIDPOINT_DROP,78.8,76.5,-2.3
crawl/fantasy/ali-html.fountain,CLIMAX_RELOCATE,78.8,79.5,0.7
crawl/fantasy/ali-html.fountain,DIALOGUE_FLATTEN,78.8,60.5,-18.3
crawl/sci-fi/the-red-turtle-pdf.fountain,SCENE_SHUFFLE,87.3,87.3,0
crawl/sci-fi/the-red-turtle-pdf.fountain,MIDPOINT_DROP,87.3,84.4,-2.9
crawl/sci-fi/the-red-turtle-pdf.fountain,CLIMAX_RELOCATE,87.3,87.3,0
crawl/sci-fi/the-red-turtle-pdf.fountain,DIALOGUE_FLATTEN,87.3,87.3,0
crawl/action/true-romance.fountain,SCENE_SHUFFLE,84.4,56.1,-28.3
crawl/action/true-romance.fountain,MIDPOINT_DROP,84.4,84,-0.4
crawl/action/true-romance.fountain,CLIMAX_RELOCATE,84.4,88.4,4
crawl/action/true-romance.fountain,DIALOGUE_FLATTEN,84.4,66.2,-18.2
crawl/crime/final-destination-2.fountain,SCENE_SHUFFLE,88.4,87,-1.4
crawl/crime/final-destination-2.fountain,MIDPOINT_DROP,88.4,85.8,-2.6
crawl/crime/final-destination-2.fountain,CLIMAX_RELOCATE,88.4,88.2,-0.2
crawl/crime/final-destination-2.fountain,DIALOGUE_FLATTEN,88.4,76.5,-11.9
crawl/sci-fi/the-hollars-pdf.fountain,SCENE_SHUFFLE,87,87.7,0.7
crawl/sci-fi/the-hollars-pdf.fountain,MIDPOINT_DROP,87,88.6,1.6
crawl/sci-fi/the-hollars-pdf.fountain,CLIMAX_RELOCATE,87,87.3,0.3
crawl/sci-fi/the-hollars-pdf.fountain,DIALOGUE_FLATTEN,87,70.3,-16.7
crawl/sci-fi/land-of-the-dead-pdf.fountain,SCENE_SHUFFLE,85.1,88,2.9
crawl/sci-fi/land-of-the-dead-pdf.fountain,MIDPOINT_DROP,85.1,82.8,-2.3
crawl/sci-fi/land-of-the-dead-pdf.fountain,CLIMAX_RELOCATE,85.1,85.5,0.4
crawl/sci-fi/land-of-the-dead-pdf.fountain,DIALOGUE_FLATTEN,85.1,69.5,-15.6
crawl/sci-fi/the-three-musketeers-pdf.fountain,SCENE_SHUFFLE,79.3,68,-11.3
crawl/sci-fi/the-three-musketeers-pdf.fountain,MIDPOINT_DROP,79.3,77,-2.3
crawl/sci-fi/the-three-musketeers-pdf.fountain,CLIMAX_RELOCATE,79.3,79.6,0.3
crawl/sci-fi/the-three-musketeers-pdf.fountain,DIALOGUE_FLATTEN,79.3,62.6,-16.7
crawl/action/hostage.fountain,SCENE_SHUFFLE,94,68.4,-25.6
crawl/action/hostage.fountain,MIDPOINT_DROP,94,94.6,0.6
crawl/action/hostage.fountain,CLIMAX_RELOCATE,94,94.6,0.6
crawl/action/hostage.fountain,DIALOGUE_FLATTEN,94,77.5,-16.5
crawl/crime/confidence.fountain,SCENE_SHUFFLE,86.5,91.1,4.6
crawl/crime/confidence.fountain,MIDPOINT_DROP,86.5,84.9,-1.6
crawl/crime/confidence.fountain,CLIMAX_RELOCATE,86.5,86.2,-0.3
crawl/crime/confidence.fountain,DIALOGUE_FLATTEN,86.5,66.1,-20.4
crawl/crime/x-men-pdf.fountain,SCENE_SHUFFLE,81.6,89.3,7.7
crawl/crime/x-men-pdf.fountain,MIDPOINT_DROP,81.6,83.3,1.7
crawl/crime/x-men-pdf.fountain,CLIMAX_RELOCATE,81.6,82.4,0.8
crawl/crime/x-men-pdf.fountain,DIALOGUE_FLATTEN,81.6,67.8,-13.8
crawl/sci-fi/one-eight-seven-pdf.fountain,SCENE_SHUFFLE,88.8,81.5,-7.3
crawl/sci-fi/one-eight-seven-pdf.fountain,MIDPOINT_DROP,88.8,88.7,-0.1
crawl/sci-fi/one-eight-seven-pdf.fountain,CLIMAX_RELOCATE,88.8,89,0.2
crawl/sci-fi/one-eight-seven-pdf.fountain,DIALOGUE_FLATTEN,88.8,71.4,-17.4
crawl/comedy/monkeybone.fountain,SCENE_SHUFFLE,85.9,79.5,-6.4
crawl/comedy/monkeybone.fountain,MIDPOINT_DROP,85.9,90.9,5
crawl/comedy/monkeybone.fountain,CLIMAX_RELOCATE,85.9,84.3,-1.6
crawl/comedy/monkeybone.fountain,DIALOGUE_FLATTEN,85.9,74.1,-11.8
brave-2012.fountain,SCENE_SHUFFLE,87.3,87.2,-0.1
brave-2012.fountain,MIDPOINT_DROP,87.3,84.4,-2.9
brave-2012.fountain,CLIMAX_RELOCATE,87.3,87.2,-0.1
brave-2012.fountain,DIALOGUE_FLATTEN,87.3,87.3,0
crawl/action/blade.fountain,SCENE_SHUFFLE,97,76.3,-20.7
crawl/action/blade.fountain,MIDPOINT_DROP,97,96.9,-0.1
crawl/action/blade.fountain,CLIMAX_RELOCATE,97,96.3,-0.7
crawl/action/blade.fountain,DIALOGUE_FLATTEN,97,78.8,-18.2
crawl/sci-fi/space-cowboys-pdf.fountain,SCENE_SHUFFLE,84,81.2,-2.8
crawl/sci-fi/space-cowboys-pdf.fountain,MIDPOINT_DROP,84,86,2
crawl/sci-fi/space-cowboys-pdf.fountain,CLIMAX_RELOCATE,84,84.4,0.4
crawl/sci-fi/space-cowboys-pdf.fountain,DIALOGUE_FLATTEN,84,64.5,-19.5
crawl/action/crank-html.fountain,SCENE_SHUFFLE,83.3,88.2,4.9
crawl/action/crank-html.fountain,MIDPOINT_DROP,83.3,84.4,1.1
crawl/action/crank-html.fountain,CLIMAX_RELOCATE,83.3,89.3,6
crawl/action/crank-html.fountain,DIALOGUE_FLATTEN,83.3,70,-13.3
crawl/crime/serial-mom.fountain,SCENE_SHUFFLE,88.8,85.1,-3.7
crawl/crime/serial-mom.fountain,MIDPOINT_DROP,88.8,85.4,-3.4
crawl/crime/serial-mom.fountain,CLIMAX_RELOCATE,88.8,88.4,-0.4
crawl/crime/serial-mom.fountain,DIALOGUE_FLATTEN,88.8,78.8,-10
crawl/horror/brutalist-the-html.fountain,SCENE_SHUFFLE,79.8,83,3.2
crawl/horror/brutalist-the-html.fountain,MIDPOINT_DROP,79.8,80.9,1.1
crawl/horror/brutalist-the-html.fountain,CLIMAX_RELOCATE,79.8,81,1.2
crawl/horror/brutalist-the-html.fountain,DIALOGUE_FLATTEN,79.8,60.7,-19.1
crawl/sci-fi/vantage-point-pdf.fountain,SCENE_SHUFFLE,83.1,96.8,13.7
crawl/sci-fi/vantage-point-pdf.fountain,MIDPOINT_DROP,83.1,83.9,0.8
crawl/sci-fi/vantage-point-pdf.fountain,CLIMAX_RELOCATE,83.1,83,-0.1
crawl/sci-fi/vantage-point-pdf.fountain,DIALOGUE_FLATTEN,83.1,56.9,-26.2
crawl/crime/grosse-pointe-blank.fountain,SCENE_SHUFFLE,83.5,85.1,1.6
crawl/crime/grosse-pointe-blank.fountain,MIDPOINT_DROP,83.5,85.8,2.3
crawl/crime/grosse-pointe-blank.fountain,CLIMAX_RELOCATE,83.5,82.7,-0.8
crawl/crime/grosse-pointe-blank.fountain,DIALOGUE_FLATTEN,83.5,65.3,-18.2
crawl/action/henry-fool.fountain,SCENE_SHUFFLE,77.4,87.8,10.4
crawl/action/henry-fool.fountain,MIDPOINT_DROP,77.4,84.4,7
crawl/action/henry-fool.fountain,CLIMAX_RELOCATE,77.4,76.8,-0.6
crawl/action/henry-fool.fountain,DIALOGUE_FLATTEN,77.4,60.5,-16.9
crawl/sci-fi/summer-of-84-pdf.fountain,SCENE_SHUFFLE,92.5,97.6,5.1
crawl/sci-fi/summer-of-84-pdf.fountain,MIDPOINT_DROP,92.5,94.6,2.1
crawl/sci-fi/summer-of-84-pdf.fountain,CLIMAX_RELOCATE,92.5,94.4,1.9
crawl/sci-fi/summer-of-84-pdf.fountain,DIALOGUE_FLATTEN,92.5,77,-15.5
crawl/horror/good-will-hunting.fountain,SCENE_SHUFFLE,72,84.3,12.3
crawl/horror/good-will-hunting.fountain,MIDPOINT_DROP,72,69.5,-2.5
crawl/horror/good-will-hunting.fountain,CLIMAX_RELOCATE,72,70.3,-1.7
crawl/horror/good-will-hunting.fountain,DIALOGUE_FLATTEN,72,56,-16
the-secret-life-of-pets-2016.fountain,SCENE_SHUFFLE,89.2,98.5,9.3
the-secret-life-of-pets-2016.fountain,MIDPOINT_DROP,89.2,84.5,-4.7
the-secret-life-of-pets-2016.fountain,CLIMAX_RELOCATE,89.2,90.7,1.5
the-secret-life-of-pets-2016.fountain,DIALOGUE_FLATTEN,89.2,62.2,-27
crawl/crime/scream.fountain,SCENE_SHUFFLE,94.6,93.5,-1.1
crawl/crime/scream.fountain,MIDPOINT_DROP,94.6,87.6,-7
crawl/crime/scream.fountain,CLIMAX_RELOCATE,94.6,94.2,-0.4
crawl/crime/scream.fountain,DIALOGUE_FLATTEN,94.6,80.4,-14.2
crawl/adventure/gods-and-monsters.fountain,SCENE_SHUFFLE,90.5,83.5,-7
crawl/adventure/gods-and-monsters.fountain,MIDPOINT_DROP,90.5,92.2,1.7
crawl/adventure/gods-and-monsters.fountain,CLIMAX_RELOCATE,90.5,90.4,-0.1
crawl/adventure/gods-and-monsters.fountain,DIALOGUE_FLATTEN,90.5,75.7,-14.8
0meet-the-robinsons-full-screenplay.fountain,SCENE_SHUFFLE,97.5,88.8,-8.7
0meet-the-robinsons-full-screenplay.fountain,MIDPOINT_DROP,97.5,93.5,-4
0meet-the-robinsons-full-screenplay.fountain,CLIMAX_RELOCATE,97.5,97.5,0
0meet-the-robinsons-full-screenplay.fountain,DIALOGUE_FLATTEN,97.5,70.4,-27.1
crawl/sci-fi/mississippi-grind-pdf.fountain,SCENE_SHUFFLE,85.2,91.8,6.6
crawl/sci-fi/mississippi-grind-pdf.fountain,MIDPOINT_DROP,85.2,86.4,1.2
crawl/sci-fi/mississippi-grind-pdf.fountain,CLIMAX_RELOCATE,85.2,85.2,0
crawl/sci-fi/mississippi-grind-pdf.fountain,DIALOGUE_FLATTEN,85.2,66.5,-18.7
crawl/crime/miami-vice.fountain,SCENE_SHUFFLE,78.7,89.3,10.6
crawl/crime/miami-vice.fountain,MIDPOINT_DROP,78.7,77.2,-1.5
crawl/crime/miami-vice.fountain,CLIMAX_RELOCATE,78.7,80,1.3
crawl/crime/miami-vice.fountain,DIALOGUE_FLATTEN,78.7,55.3,-23.4
crawl/sci-fi/the-end-of-the-tour-pdf.fountain,SCENE_SHUFFLE,81.6,86.5,4.9
crawl/sci-fi/the-end-of-the-tour-pdf.fountain,MIDPOINT_DROP,81.6,84.9,3.3
crawl/sci-fi/the-end-of-the-tour-pdf.fountain,CLIMAX_RELOCATE,81.6,81.7,0.1
crawl/sci-fi/the-end-of-the-tour-pdf.fountain,DIALOGUE_FLATTEN,81.6,65.2,-16.4
crawl/action/intolerable-cruelty.fountain,SCENE_SHUFFLE,82.7,89.7,7
crawl/action/intolerable-cruelty.fountain,MIDPOINT_DROP,82.7,87.7,5
crawl/action/intolerable-cruelty.fountain,CLIMAX_RELOCATE,82.7,82.5,-0.2
crawl/action/intolerable-cruelty.fountain,DIALOGUE_FLATTEN,82.7,62.6,-20.1
crawl/action/l-a-confidential.fountain,SCENE_SHUFFLE,90.3,60.8,-29.5
crawl/action/l-a-confidential.fountain,MIDPOINT_DROP,90.3,89.5,-0.8
crawl/action/l-a-confidential.fountain,CLIMAX_RELOCATE,90.3,90.4,0.1
crawl/action/l-a-confidential.fountain,DIALOGUE_FLATTEN,90.3,69.7,-20.6
crawl/sci-fi/the-cooler.fountain,SCENE_SHUFFLE,89.1,94.6,5.5
crawl/sci-fi/the-cooler.fountain,MIDPOINT_DROP,89.1,92.5,3.4
crawl/sci-fi/the-cooler.fountain,CLIMAX_RELOCATE,89.1,90.9,1.8
crawl/sci-fi/the-cooler.fountain,DIALOGUE_FLATTEN,89.1,76.4,-12.7
crawl/fantasy/the-big-lebowski.fountain,SCENE_SHUFFLE,87.3,87.3,0
crawl/fantasy/the-big-lebowski.fountain,MIDPOINT_DROP,87.3,84.4,-2.9
crawl/fantasy/the-big-lebowski.fountain,CLIMAX_RELOCATE,87.3,87.3,0
crawl/fantasy/the-big-lebowski.fountain,DIALOGUE_FLATTEN,87.3,69.3,-18
crawl/fantasy/braveheart.fountain,SCENE_SHUFFLE,95.2,77.1,-18.1
crawl/fantasy/braveheart.fountain,MIDPOINT_DROP,95.2,94,-1.2
crawl/fantasy/braveheart.fountain,CLIMAX_RELOCATE,95.2,94.2,-1
crawl/fantasy/braveheart.fountain,DIALOGUE_FLATTEN,95.2,78.6,-16.6
crawl/action/the-insider.fountain,SCENE_SHUFFLE,88.3,66.8,-21.5
crawl/action/the-insider.fountain,MIDPOINT_DROP,88.3,85.2,-3.1
crawl/action/the-insider.fountain,CLIMAX_RELOCATE,88.3,87.5,-0.8
crawl/action/the-insider.fountain,DIALOGUE_FLATTEN,88.3,69.9,-18.4
crawl/comedy/twin-peaks-fire-walk-with-me.fountain,SCENE_SHUFFLE,81.5,66.6,-14.9
crawl/comedy/twin-peaks-fire-walk-with-me.fountain,MIDPOINT_DROP,81.5,83.2,1.7
crawl/comedy/twin-peaks-fire-walk-with-me.fountain,CLIMAX_RELOCATE,81.5,81,-0.5
crawl/comedy/twin-peaks-fire-walk-with-me.fountain,DIALOGUE_FLATTEN,81.5,64.3,-17.2
crawl/sci-fi/analyse-this-pdf.fountain,SCENE_SHUFFLE,80.8,84.8,4
crawl/sci-fi/analyse-this-pdf.fountain,MIDPOINT_DROP,80.8,80.1,-0.7
crawl/sci-fi/analyse-this-pdf.fountain,CLIMAX_RELOCATE,80.8,80.8,0
crawl/sci-fi/analyse-this-pdf.fountain,DIALOGUE_FLATTEN,80.8,64.9,-15.9
crawl/sci-fi/elizabeth-the-golden-age-pdf.fountain,SCENE_SHUFFLE,79.3,66.4,-12.9
crawl/sci-fi/elizabeth-the-golden-age-pdf.fountain,MIDPOINT_DROP,79.3,80,0.7
crawl/sci-fi/elizabeth-the-golden-age-pdf.fountain,CLIMAX_RELOCATE,79.3,78.8,-0.5
crawl/sci-fi/elizabeth-the-golden-age-pdf.fountain,DIALOGUE_FLATTEN,79.3,62.7,-16.6
crawl/action/taking-sides.fountain,SCENE_SHUFFLE,85.6,82.6,-3
crawl/action/taking-sides.fountain,MIDPOINT_DROP,85.6,82.5,-3.1
crawl/action/taking-sides.fountain,CLIMAX_RELOCATE,85.6,89.1,3.5
crawl/action/taking-sides.fountain,DIALOGUE_FLATTEN,85.6,70.4,-15.2
crawl/crime/black-snake-moan.fountain,SCENE_SHUFFLE,96.6,96.4,-0.2
crawl/crime/black-snake-moan.fountain,MIDPOINT_DROP,96.6,94.8,-1.8
crawl/crime/black-snake-moan.fountain,CLIMAX_RELOCATE,96.6,97.3,0.7
crawl/crime/black-snake-moan.fountain,DIALOGUE_FLATTEN,96.6,75,-21.6
crawl/drama/station-pdf.fountain,SCENE_SHUFFLE,98.9,93.1,-5.8
crawl/drama/station-pdf.fountain,MIDPOINT_DROP,98.9,94.8,-4.1
crawl/drama/station-pdf.fountain,CLIMAX_RELOCATE,98.9,98.9,0
crawl/drama/station-pdf.fountain,DIALOGUE_FLATTEN,98.9,80.1,-18.8
crawl/crime/erin-brockovich.fountain,SCENE_SHUFFLE,87.1,69.2,-17.9
crawl/crime/erin-brockovich.fountain,MIDPOINT_DROP,87.1,87.2,0.1
crawl/crime/erin-brockovich.fountain,CLIMAX_RELOCATE,87.1,87.5,0.4
crawl/crime/erin-brockovich.fountain,DIALOGUE_FLATTEN,87.1,68.2,-18.9
crawl/sci-fi/ides-of-march-pdf.fountain,SCENE_SHUFFLE,84.7,86.5,1.8
crawl/sci-fi/ides-of-march-pdf.fountain,MIDPOINT_DROP,84.7,84.1,-0.6
crawl/sci-fi/ides-of-march-pdf.fountain,CLIMAX_RELOCATE,84.7,84.1,-0.6
crawl/sci-fi/ides-of-march-pdf.fountain,DIALOGUE_FLATTEN,84.7,67.6,-17.1
crawl/crime/fatal-instinct.fountain,SCENE_SHUFFLE,89.5,71.4,-18.1
crawl/crime/fatal-instinct.fountain,MIDPOINT_DROP,89.5,85.5,-4
crawl/crime/fatal-instinct.fountain,CLIMAX_RELOCATE,89.5,89.5,0
crawl/crime/fatal-instinct.fountain,DIALOGUE_FLATTEN,89.5,71.5,-18
mulan-1998.fountain,SCENE_SHUFFLE,88.4,84.7,-3.7
mulan-1998.fountain,MIDPOINT_DROP,88.4,88,-0.4
mulan-1998.fountain,CLIMAX_RELOCATE,88.4,88.4,0
mulan-1998.fountain,DIALOGUE_FLATTEN,88.4,70.4,-18
crawl/sci-fi/legally-blonde-pdf.fountain,SCENE_SHUFFLE,95.6,93.1,-2.5
crawl/sci-fi/legally-blonde-pdf.fountain,MIDPOINT_DROP,95.6,94.4,-1.2
crawl/sci-fi/legally-blonde-pdf.fountain,CLIMAX_RELOCATE,95.6,95.6,0
crawl/sci-fi/legally-blonde-pdf.fountain,DIALOGUE_FLATTEN,95.6,76.6,-19
crawl/action/traffic.fountain,SCENE_SHUFFLE,83,69.5,-13.5
crawl/action/traffic.fountain,MIDPOINT_DROP,83,84.9,1.9
crawl/action/traffic.fountain,CLIMAX_RELOCATE,83,83,0
crawl/action/traffic.fountain,DIALOGUE_FLATTEN,83,66.2,-16.8
crawl/sci-fi/tin-cup-pdf.fountain,SCENE_SHUFFLE,82,90.2,8.2
crawl/sci-fi/tin-cup-pdf.fountain,MIDPOINT_DROP,82,81.3,-0.7
crawl/sci-fi/tin-cup-pdf.fountain,CLIMAX_RELOCATE,82,81.4,-0.6
crawl/sci-fi/tin-cup-pdf.fountain,DIALOGUE_FLATTEN,82,60.9,-21.1
crawl/crime/pulp-fiction-html.fountain,SCENE_SHUFFLE,92.3,77.1,-15.2
crawl/crime/pulp-fiction-html.fountain,MIDPOINT_DROP,92.3,89.6,-2.7
crawl/crime/pulp-fiction-html.fountain,CLIMAX_RELOCATE,92.3,90.6,-1.7
crawl/crime/pulp-fiction-html.fountain,DIALOGUE_FLATTEN,92.3,73.2,-19.1
crawl/action/cliffhanger.fountain,SCENE_SHUFFLE,96.4,92.6,-3.8
crawl/action/cliffhanger.fountain,MIDPOINT_DROP,96.4,96.6,0.2
crawl/action/cliffhanger.fountain,CLIMAX_RELOCATE,96.4,95.1,-1.3
crawl/action/cliffhanger.fountain,DIALOGUE_FLATTEN,96.4,80.6,-15.8
crawl/action/o-brother-where-art-thou.fountain,SCENE_SHUFFLE,94.5,93.2,-1.3
crawl/action/o-brother-where-art-thou.fountain,MIDPOINT_DROP,94.5,93.6,-0.9
crawl/action/o-brother-where-art-thou.fountain,CLIMAX_RELOCATE,94.5,94.8,0.3
crawl/action/o-brother-where-art-thou.fountain,DIALOGUE_FLATTEN,94.5,76.5,-18
crawl/horror/blair-witch-ii.fountain,SCENE_SHUFFLE,83.8,90.1,6.3
crawl/horror/blair-witch-ii.fountain,MIDPOINT_DROP,83.8,83.3,-0.5
crawl/horror/blair-witch-ii.fountain,CLIMAX_RELOCATE,83.8,84.4,0.6
crawl/horror/blair-witch-ii.fountain,DIALOGUE_FLATTEN,83.8,73.8,-10
crawl/action/feast-revised-draft.fountain,SCENE_SHUFFLE,98.4,94.8,-3.6
crawl/action/feast-revised-draft.fountain,MIDPOINT_DROP,98.4,89.9,-8.5
crawl/action/feast-revised-draft.fountain,CLIMAX_RELOCATE,98.4,97.3,-1.1
crawl/action/feast-revised-draft.fountain,DIALOGUE_FLATTEN,98.4,80.2,-18.2
crawl/action/hudson-hawk.fountain,SCENE_SHUFFLE,98.1,96.2,-1.9
crawl/action/hudson-hawk.fountain,MIDPOINT_DROP,98.1,98,-0.1
crawl/action/hudson-hawk.fountain,CLIMAX_RELOCATE,98.1,97.5,-0.6
crawl/action/hudson-hawk.fountain,DIALOGUE_FLATTEN,98.1,80.1,-18
crawl/action/the-patriot.fountain,SCENE_SHUFFLE,97.6,75,-22.6
crawl/action/the-patriot.fountain,MIDPOINT_DROP,97.6,98.9,1.3
crawl/action/the-patriot.fountain,CLIMAX_RELOCATE,97.6,99,1.4
crawl/action/the-patriot.fountain,DIALOGUE_FLATTEN,97.6,79.9,-17.7
crawl/horror/531.fountain,DIALOGUE_FLATTEN,89.9,66.1,-23.8
crawl/horror/ed-wood.fountain,SCENE_SHUFFLE,94.2,78.5,-15.7
crawl/horror/ed-wood.fountain,MIDPOINT_DROP,94.2,94.8,0.6
crawl/horror/ed-wood.fountain,CLIMAX_RELOCATE,94.2,94.2,0
crawl/horror/ed-wood.fountain,DIALOGUE_FLATTEN,94.2,71,-23.2
luca-2021.fountain,SCENE_SHUFFLE,88.7,92.8,4.1
luca-2021.fountain,MIDPOINT_DROP,88.7,88.7,0
luca-2021.fountain,CLIMAX_RELOCATE,88.7,88.4,-0.3
luca-2021.fountain,DIALOGUE_FLATTEN,88.7,70.8,-17.9
crawl/crime/unbreakable.fountain,SCENE_SHUFFLE,87.9,87.4,-0.5
crawl/crime/unbreakable.fountain,MIDPOINT_DROP,87.9,82.3,-5.6
crawl/crime/unbreakable.fountain,CLIMAX_RELOCATE,87.9,87.3,-0.6
crawl/crime/unbreakable.fountain,DIALOGUE_FLATTEN,87.9,75.9,-12
9_2009.fountain.txt,SCENE_SHUFFLE,98.2,96.5,-1.7
9_2009.fountain.txt,MIDPOINT_DROP,98.2,97.6,-0.6
9_2009.fountain.txt,CLIMAX_RELOCATE,98.2,98.2,0
9_2009.fountain.txt,DIALOGUE_FLATTEN,98.2,79.9,-18.3
crawl/crime/interview-with-the-vampire.fountain,SCENE_SHUFFLE,87.9,89,1.1
crawl/crime/interview-with-the-vampire.fountain,MIDPOINT_DROP,87.9,87.2,-0.7
crawl/crime/interview-with-the-vampire.fountain,CLIMAX_RELOCATE,87.9,86.8,-1.1
crawl/crime/interview-with-the-vampire.fountain,DIALOGUE_FLATTEN,87.9,71,-16.9
crawl/sci-fi/the-bourne-supremacy-pdf.fountain,SCENE_SHUFFLE,82.5,82.5,0
crawl/sci-fi/the-bourne-supremacy-pdf.fountain,MIDPOINT_DROP,82.5,80,-2.5
crawl/sci-fi/the-bourne-supremacy-pdf.fountain,CLIMAX_RELOCATE,82.5,82.5,0
crawl/sci-fi/the-bourne-supremacy-pdf.fountain,DIALOGUE_FLATTEN,82.5,64.7,-17.8
crawl/sci-fi/lethal-weapon-4-pdf.fountain,SCENE_SHUFFLE,89.1,84.3,-4.8
crawl/sci-fi/lethal-weapon-4-pdf.fountain,MIDPOINT_DROP,89.1,89.2,0.1
crawl/sci-fi/lethal-weapon-4-pdf.fountain,CLIMAX_RELOCATE,89.1,89.4,0.3
crawl/sci-fi/lethal-weapon-4-pdf.fountain,DIALOGUE_FLATTEN,89.1,71.4,-17.7
crawl/adventure/ocean-s-twelve-pdf.fountain,SCENE_SHUFFLE,87.9,64.7,-23.2
crawl/adventure/ocean-s-twelve-pdf.fountain,MIDPOINT_DROP,87.9,81.9,-6
crawl/adventure/ocean-s-twelve-pdf.fountain,CLIMAX_RELOCATE,87.9,86.9,-1
crawl/adventure/ocean-s-twelve-pdf.fountain,DIALOGUE_FLATTEN,87.9,69.7,-18.2
crawl/crime/nurse-betty.fountain,SCENE_SHUFFLE,96.3,98,1.7
crawl/crime/nurse-betty.fountain,MIDPOINT_DROP,96.3,96.9,0.6
crawl/crime/nurse-betty.fountain,CLIMAX_RELOCATE,96.3,97.2,0.9
crawl/crime/nurse-betty.fountain,DIALOGUE_FLATTEN,96.3,76.8,-19.5
crawl/horror/13-ghosts-pdf.fountain,SCENE_SHUFFLE,89.5,89.2,-0.3
crawl/horror/13-ghosts-pdf.fountain,MIDPOINT_DROP,89.5,89.4,-0.1
crawl/horror/13-ghosts-pdf.fountain,CLIMAX_RELOCATE,89.5,90.3,0.8
crawl/horror/13-ghosts-pdf.fountain,DIALOGUE_FLATTEN,89.5,78.2,-11.3
crawl/sci-fi/the-island-of-dr-moreau-pdf.fountain,SCENE_SHUFFLE,94,85.9,-8.1
crawl/sci-fi/the-island-of-dr-moreau-pdf.fountain,MIDPOINT_DROP,94,93.6,-0.4
crawl/sci-fi/the-island-of-dr-moreau-pdf.fountain,CLIMAX_RELOCATE,94,94.7,0.7
crawl/sci-fi/the-island-of-dr-moreau-pdf.fountain,DIALOGUE_FLATTEN,94,77,-17
crawl/action/batman-2-unproduced.fountain,SCENE_SHUFFLE,91.2,91.2,0
crawl/action/batman-2-unproduced.fountain,MIDPOINT_DROP,91.2,95.2,4
crawl/action/batman-2-unproduced.fountain,CLIMAX_RELOCATE,91.2,91.5,0.3
crawl/action/batman-2-unproduced.fountain,DIALOGUE_FLATTEN,91.2,74.4,-16.8
beavis-and-butt-head-do-america-matched.fountain,SCENE_SHUFFLE,89.3,77.2,-12.1
beavis-and-butt-head-do-america-matched.fountain,MIDPOINT_DROP,89.3,89.1,-0.2
beavis-and-butt-head-do-america-matched.fountain,CLIMAX_RELOCATE,89.3,89.3,0
beavis-and-butt-head-do-america-matched.fountain,DIALOGUE_FLATTEN,89.3,71.3,-18
crawl/sci-fi/new-york-minute-pdf.fountain,SCENE_SHUFFLE,89.1,88.7,-0.4
crawl/sci-fi/new-york-minute-pdf.fountain,MIDPOINT_DROP,89.1,88.8,-0.3
crawl/sci-fi/new-york-minute-pdf.fountain,CLIMAX_RELOCATE,89.1,83.5,-5.6
crawl/sci-fi/new-york-minute-pdf.fountain,DIALOGUE_FLATTEN,89.1,71,-18.1
crawl/crime/the-shipping-news.fountain,SCENE_SHUFFLE,86.1,84.7,-1.4
crawl/crime/the-shipping-news.fountain,MIDPOINT_DROP,86.1,86.6,0.5
crawl/crime/the-shipping-news.fountain,CLIMAX_RELOCATE,86.1,86.1,0
crawl/crime/the-shipping-news.fountain,DIALOGUE_FLATTEN,86.1,67.1,-19
crawl/drama/get-him-to-the-greek-pdf.fountain,SCENE_SHUFFLE,90.3,74.8,-15.5
crawl/drama/get-him-to-the-greek-pdf.fountain,MIDPOINT_DROP,90.3,88.2,-2.1
crawl/drama/get-him-to-the-greek-pdf.fountain,CLIMAX_RELOCATE,90.3,89.8,-0.5
crawl/drama/get-him-to-the-greek-pdf.fountain,DIALOGUE_FLATTEN,90.3,68.6,-21.7
coco-matched.fountain,SCENE_SHUFFLE,90.3,92.9,2.6
coco-matched.fountain,MIDPOINT_DROP,90.3,89.2,-1.1
coco-matched.fountain,CLIMAX_RELOCATE,90.3,92.1,1.8
coco-matched.fountain,DIALOGUE_FLATTEN,90.3,67.2,-23.1
crawl/action/blade-trinity.fountain,SCENE_SHUFFLE,83.1,59,-24.1
crawl/action/blade-trinity.fountain,MIDPOINT_DROP,83.1,90.6,7.5
crawl/action/blade-trinity.fountain,CLIMAX_RELOCATE,83.1,85.8,2.7
crawl/action/blade-trinity.fountain,DIALOGUE_FLATTEN,83.1,74.3,-8.8
crawl/action/smokin-aces.fountain,SCENE_SHUFFLE,89.3,82.4,-6.9
crawl/action/smokin-aces.fountain,MIDPOINT_DROP,89.3,88.5,-0.8
crawl/action/smokin-aces.fountain,CLIMAX_RELOCATE,89.3,89.3,0
crawl/action/smokin-aces.fountain,DIALOGUE_FLATTEN,89.3,72.7,-16.6
crawl/action/x-men.fountain,SCENE_SHUFFLE,91.9,66,-25.9
crawl/action/x-men.fountain,MIDPOINT_DROP,91.9,87.6,-4.3
crawl/action/x-men.fountain,CLIMAX_RELOCATE,91.9,92.1,0.2
crawl/action/x-men.fountain,DIALOGUE_FLATTEN,91.9,78.2,-13.7
crawl/sci-fi/the-comedian-pdf.fountain,SCENE_SHUFFLE,88.4,84.2,-4.2
crawl/sci-fi/the-comedian-pdf.fountain,MIDPOINT_DROP,88.4,86.3,-2.1
crawl/sci-fi/the-comedian-pdf.fountain,CLIMAX_RELOCATE,88.4,88.5,0.1
crawl/sci-fi/the-comedian-pdf.fountain,DIALOGUE_FLATTEN,88.4,66.8,-21.6
crawl/sci-fi/jackie-pdf.fountain,SCENE_SHUFFLE,83.2,87.1,3.9
crawl/sci-fi/jackie-pdf.fountain,MIDPOINT_DROP,83.2,80.2,-3
crawl/sci-fi/jackie-pdf.fountain,CLIMAX_RELOCATE,83.2,82.4,-0.8
crawl/sci-fi/jackie-pdf.fountain,DIALOGUE_FLATTEN,83.2,63.3,-19.9
crawl/crime/body-of-evidence.fountain,SCENE_SHUFFLE,91.2,84.6,-6.6
crawl/crime/body-of-evidence.fountain,MIDPOINT_DROP,91.2,87.8,-3.4
crawl/crime/body-of-evidence.fountain,CLIMAX_RELOCATE,91.2,91.9,0.7
crawl/crime/body-of-evidence.fountain,DIALOGUE_FLATTEN,91.2,76.3,-14.9
crawl/sci-fi/the-hurt-locker-pdf.fountain,SCENE_SHUFFLE,88.8,89,0.2
crawl/sci-fi/the-hurt-locker-pdf.fountain,MIDPOINT_DROP,88.8,89.1,0.3
crawl/sci-fi/the-hurt-locker-pdf.fountain,CLIMAX_RELOCATE,88.8,84.4,-4.4
crawl/sci-fi/the-hurt-locker-pdf.fountain,DIALOGUE_FLATTEN,88.8,69.1,-19.7
crawl/action/surrogates-html.fountain,SCENE_SHUFFLE,91.3,70.9,-20.4
crawl/action/surrogates-html.fountain,MIDPOINT_DROP,91.3,90.6,-0.7
crawl/action/surrogates-html.fountain,CLIMAX_RELOCATE,91.3,91.5,0.2
crawl/action/surrogates-html.fountain,DIALOGUE_FLATTEN,91.3,74.5,-16.8
crawl/sci-fi/queen-of-the-damned-pdf.fountain,SCENE_SHUFFLE,88,88,0
crawl/sci-fi/queen-of-the-damned-pdf.fountain,MIDPOINT_DROP,88,86,-2
crawl/sci-fi/queen-of-the-damned-pdf.fountain,CLIMAX_RELOCATE,88,88.9,0.9
crawl/sci-fi/queen-of-the-damned-pdf.fountain,DIALOGUE_FLATTEN,88,68.4,-19.6
crawl/action/metro.fountain,SCENE_SHUFFLE,82.4,69.4,-13
crawl/action/metro.fountain,MIDPOINT_DROP,82.4,81.7,-0.7
crawl/action/metro.fountain,CLIMAX_RELOCATE,82.4,81.8,-0.6
crawl/action/metro.fountain,DIALOGUE_FLATTEN,82.4,66.8,-15.6
Croods_The.fountain.txt,SCENE_SHUFFLE,95.2,94.6,-0.6
Croods_The.fountain.txt,MIDPOINT_DROP,95.2,92.1,-3.1
Croods_The.fountain.txt,CLIMAX_RELOCATE,95.2,95.3,0.1
Croods_The.fountain.txt,DIALOGUE_FLATTEN,95.2,67.3,-27.9
crawl/animation/kung-fu-panda-html.fountain,SCENE_SHUFFLE,95.4,85.7,-9.7
crawl/animation/kung-fu-panda-html.fountain,MIDPOINT_DROP,95.4,93.8,-1.6
crawl/animation/kung-fu-panda-html.fountain,CLIMAX_RELOCATE,95.4,94.8,-0.6
crawl/animation/kung-fu-panda-html.fountain,DIALOGUE_FLATTEN,95.4,73.5,-21.9
South_Park_The_Movie.fountain.txt,SCENE_SHUFFLE,96.6,74.1,-22.5
South_Park_The_Movie.fountain.txt,MIDPOINT_DROP,96.6,98.1,1.5
South_Park_The_Movie.fountain.txt,CLIMAX_RELOCATE,96.6,96.8,0.2
South_Park_The_Movie.fountain.txt,DIALOGUE_FLATTEN,96.6,79.9,-16.7
crawl/drama/thelma-louise.fountain,SCENE_SHUFFLE,87.8,89.4,1.6
crawl/drama/thelma-louise.fountain,MIDPOINT_DROP,87.8,88.3,0.5
crawl/drama/thelma-louise.fountain,CLIMAX_RELOCATE,87.8,87.7,-0.1
crawl/drama/thelma-louise.fountain,DIALOGUE_FLATTEN,87.8,69.3,-18.5
crawl/crime/gang-related.fountain,SCENE_SHUFFLE,82.4,65.6,-16.8
crawl/crime/gang-related.fountain,MIDPOINT_DROP,82.4,82.3,-0.1
crawl/crime/gang-related.fountain,CLIMAX_RELOCATE,82.4,82.7,0.3
crawl/crime/gang-related.fountain,DIALOGUE_FLATTEN,82.4,63.4,-19
crawl/comedy/the-blast-from-the-past.fountain,SCENE_SHUFFLE,89.3,83.8,-5.5
crawl/comedy/the-blast-from-the-past.fountain,MIDPOINT_DROP,89.3,89.2,-0.1
crawl/comedy/the-blast-from-the-past.fountain,CLIMAX_RELOCATE,89.3,89.4,0.1
crawl/comedy/the-blast-from-the-past.fountain,DIALOGUE_FLATTEN,89.3,71.3,-18
crawl/crime/croupier.fountain,SCENE_SHUFFLE,82.6,82.1,-0.5
crawl/crime/croupier.fountain,MIDPOINT_DROP,82.6,83.7,1.1
crawl/crime/croupier.fountain,CLIMAX_RELOCATE,82.6,82.3,-0.3
crawl/crime/croupier.fountain,DIALOGUE_FLATTEN,82.6,64.5,-18.1
crawl/adventure/two-for-the-money-html.fountain,SCENE_SHUFFLE,89.3,67.7,-21.6
crawl/adventure/two-for-the-money-html.fountain,MIDPOINT_DROP,89.3,88.9,-0.4
crawl/adventure/two-for-the-money-html.fountain,CLIMAX_RELOCATE,89.3,89.3,0
crawl/adventure/two-for-the-money-html.fountain,DIALOGUE_FLATTEN,89.3,71.2,-18.1
crawl/sci-fi/out-of-sight-pdf.fountain,SCENE_SHUFFLE,80.6,87.5,6.9
crawl/sci-fi/out-of-sight-pdf.fountain,MIDPOINT_DROP,80.6,79.6,-1
crawl/sci-fi/out-of-sight-pdf.fountain,CLIMAX_RELOCATE,80.6,79.7,-0.9
crawl/sci-fi/out-of-sight-pdf.fountain,DIALOGUE_FLATTEN,80.6,60.2,-20.4
crawl/comedy/bruce-almighty.fountain,SCENE_SHUFFLE,89.2,80.3,-8.9
crawl/comedy/bruce-almighty.fountain,MIDPOINT_DROP,89.2,89,-0.2
crawl/comedy/bruce-almighty.fountain,CLIMAX_RELOCATE,89.2,89.2,0
crawl/comedy/bruce-almighty.fountain,DIALOGUE_FLATTEN,89.2,71.2,-18
crawl/action/the-assignment.fountain,SCENE_SHUFFLE,89.8,70.4,-19.4
crawl/action/the-assignment.fountain,MIDPOINT_DROP,89.8,85.6,-4.2
crawl/action/the-assignment.fountain,CLIMAX_RELOCATE,89.8,89.8,0
crawl/action/the-assignment.fountain,DIALOGUE_FLATTEN,89.8,69.1,-20.7
crawl/sci-fi/maverick-pdf.fountain,SCENE_SHUFFLE,81.5,77.3,-4.2
crawl/sci-fi/maverick-pdf.fountain,MIDPOINT_DROP,81.5,87,5.5
crawl/sci-fi/maverick-pdf.fountain,CLIMAX_RELOCATE,81.5,80.8,-0.7
crawl/sci-fi/maverick-pdf.fountain,DIALOGUE_FLATTEN,81.5,65.5,-16
crawl/sci-fi/equity-pdf.fountain,SCENE_SHUFFLE,81.7,66.7,-15
crawl/sci-fi/equity-pdf.fountain,MIDPOINT_DROP,81.7,80.5,-1.2
crawl/sci-fi/equity-pdf.fountain,CLIMAX_RELOCATE,81.7,80.8,-0.9
crawl/sci-fi/equity-pdf.fountain,DIALOGUE_FLATTEN,81.7,64.1,-17.6
crawl/sci-fi/slow-west-pdf.fountain,SCENE_SHUFFLE,91.8,98.2,6.4
crawl/sci-fi/slow-west-pdf.fountain,CLIMAX_RELOCATE,91.8,91.8,0
crawl/sci-fi/slow-west-pdf.fountain,DIALOGUE_FLATTEN,91.8,73,-18.8
crawl/action/the-bourne-identity.fountain,SCENE_SHUFFLE,71.5,67.1,-4.4
crawl/action/the-bourne-identity.fountain,MIDPOINT_DROP,71.5,89.6,18.1
crawl/action/the-bourne-identity.fountain,CLIMAX_RELOCATE,71.5,68.8,-2.7
crawl/action/the-bourne-identity.fountain,DIALOGUE_FLATTEN,71.5,51.4,-20.1
crawl/crime/the-sixth-sense.fountain,SCENE_SHUFFLE,90,82.5,-7.5
crawl/crime/the-sixth-sense.fountain,MIDPOINT_DROP,90,88.1,-1.9
crawl/crime/the-sixth-sense.fountain,CLIMAX_RELOCATE,90,88.8,-1.2
crawl/crime/the-sixth-sense.fountain,DIALOGUE_FLATTEN,90,67.4,-22.6
crawl/action/pearl-harbor-html.fountain,SCENE_SHUFFLE,84.3,62.6,-21.7
crawl/action/pearl-harbor-html.fountain,MIDPOINT_DROP,84.3,83.3,-1
crawl/action/pearl-harbor-html.fountain,CLIMAX_RELOCATE,84.3,83.9,-0.4
crawl/action/pearl-harbor-html.fountain,DIALOGUE_FLATTEN,84.3,65.9,-18.4
Looney_Tunes_Back_In_Action.fountain.txt,SCENE_SHUFFLE,93.2,93.8,0.6
Looney_Tunes_Back_In_Action.fountain.txt,MIDPOINT_DROP,93.2,92.9,-0.3
Looney_Tunes_Back_In_Action.fountain.txt,CLIMAX_RELOCATE,93.2,92.8,-0.4
Looney_Tunes_Back_In_Action.fountain.txt,DIALOGUE_FLATTEN,93.2,80.6,-12.6
crawl/horror/freddy-s-dead-the-final-nightmare.fountain,SCENE_SHUFFLE,93.1,79.4,-13.7
crawl/horror/freddy-s-dead-the-final-nightmare.fountain,MIDPOINT_DROP,93.1,90.9,-2.2
crawl/horror/freddy-s-dead-the-final-nightmare.fountain,CLIMAX_RELOCATE,93.1,92.7,-0.4
crawl/horror/freddy-s-dead-the-final-nightmare.fountain,DIALOGUE_FLATTEN,93.1,77.6,-15.5
sing-2016.fountain,SCENE_SHUFFLE,82.3,82.1,-0.2
sing-2016.fountain,MIDPOINT_DROP,82.3,83.6,1.3
sing-2016.fountain,CLIMAX_RELOCATE,82.3,82.1,-0.2
sing-2016.fountain,DIALOGUE_FLATTEN,82.3,70.5,-11.8
crawl/crime/8-millimeter.fountain,SCENE_SHUFFLE,87.7,69.5,-18.2
crawl/crime/8-millimeter.fountain,MIDPOINT_DROP,87.7,88.1,0.4
crawl/crime/8-millimeter.fountain,CLIMAX_RELOCATE,87.7,86.9,-0.8
crawl/crime/8-millimeter.fountain,DIALOGUE_FLATTEN,87.7,69.2,-18.5
crawl/sci-fi/the-manchurian-candidate-pdf.fountain,SCENE_SHUFFLE,94.6,97.4,2.8
crawl/sci-fi/the-manchurian-candidate-pdf.fountain,MIDPOINT_DROP,94.6,95,0.4
crawl/sci-fi/the-manchurian-candidate-pdf.fountain,CLIMAX_RELOCATE,94.6,93.9,-0.7
crawl/sci-fi/the-manchurian-candidate-pdf.fountain,DIALOGUE_FLATTEN,94.6,77.1,-17.5
crawl/horror/possession-pdf.fountain,SCENE_SHUFFLE,92.8,72.6,-20.2
crawl/horror/possession-pdf.fountain,MIDPOINT_DROP,92.8,83.4,-9.4
crawl/horror/possession-pdf.fountain,CLIMAX_RELOCATE,92.8,91.9,-0.9
crawl/horror/possession-pdf.fountain,DIALOGUE_FLATTEN,92.8,69.7,-23.1
crawl/action/spider-man.fountain,SCENE_SHUFFLE,97.1,76.2,-20.9
crawl/action/spider-man.fountain,MIDPOINT_DROP,97.1,97.7,0.6
crawl/action/spider-man.fountain,CLIMAX_RELOCATE,97.1,96,-1.1
crawl/action/spider-man.fountain,DIALOGUE_FLATTEN,97.1,77.9,-19.2
crawl/action/the-majestic.fountain,SCENE_SHUFFLE,93.4,71.8,-21.6
crawl/action/the-majestic.fountain,MIDPOINT_DROP,93.4,91.2,-2.2
crawl/action/the-majestic.fountain,CLIMAX_RELOCATE,93.4,94.2,0.8
crawl/action/the-majestic.fountain,DIALOGUE_FLATTEN,93.4,67.1,-26.3
boxtrolls-the-matched.fountain,SCENE_SHUFFLE,97.8,96.1,-1.7
boxtrolls-the-matched.fountain,MIDPOINT_DROP,97.8,97.1,-0.7
boxtrolls-the-matched.fountain,CLIMAX_RELOCATE,97.8,97.7,-0.1
boxtrolls-the-matched.fountain,DIALOGUE_FLATTEN,97.8,75.7,-22.1
crawl/sci-fi/kill-your-darlings-pdf.fountain,SCENE_SHUFFLE,93.8,67.9,-25.9
crawl/sci-fi/kill-your-darlings-pdf.fountain,MIDPOINT_DROP,93.8,93.3,-0.5
crawl/sci-fi/kill-your-darlings-pdf.fountain,CLIMAX_RELOCATE,93.8,94.8,1
crawl/sci-fi/kill-your-darlings-pdf.fountain,DIALOGUE_FLATTEN,93.8,69.9,-23.9
crawl/sci-fi/the-diving-bell-and-the-butterfly-le-scaphandre-et-le-papill.fountain,SCENE_SHUFFLE,78.7,92.8,14.1
crawl/sci-fi/the-diving-bell-and-the-butterfly-le-scaphandre-et-le-papill.fountain,MIDPOINT_DROP,78.7,78.5,-0.2
crawl/sci-fi/the-diving-bell-and-the-butterfly-le-scaphandre-et-le-papill.fountain,CLIMAX_RELOCATE,78.7,79.3,0.6
crawl/sci-fi/the-diving-bell-and-the-butterfly-le-scaphandre-et-le-papill.fountain,DIALOGUE_FLATTEN,78.7,59.8,-18.9
crawl/horror/ali-html.fountain,SCENE_SHUFFLE,78.8,65.6,-13.2
crawl/horror/ali-html.fountain,MIDPOINT_DROP,78.8,76.5,-2.3
crawl/horror/ali-html.fountain,CLIMAX_RELOCATE,78.8,79.5,0.7
crawl/horror/ali-html.fountain,DIALOGUE_FLATTEN,78.8,60.5,-18.3
crawl/sci-fi/the-bourne-ultimatum-pdf.fountain,SCENE_SHUFFLE,88,68.2,-19.8
crawl/sci-fi/the-bourne-ultimatum-pdf.fountain,MIDPOINT_DROP,88,89.5,1.5
crawl/sci-fi/the-bourne-ultimatum-pdf.fountain,CLIMAX_RELOCATE,88,87.7,-0.3
crawl/sci-fi/the-bourne-ultimatum-pdf.fountain,DIALOGUE_FLATTEN,88,70.4,-17.6
crawl/fantasy/american-pie.fountain,SCENE_SHUFFLE,80.2,69.4,-10.8
crawl/fantasy/american-pie.fountain,MIDPOINT_DROP,80.2,83.3,3.1
crawl/fantasy/american-pie.fountain,CLIMAX_RELOCATE,80.2,79.7,-0.5
crawl/fantasy/american-pie.fountain,DIALOGUE_FLATTEN,80.2,63.3,-16.9
crawl/fantasy/out-of-sight.fountain,SCENE_SHUFFLE,80.1,90.5,10.4
crawl/fantasy/out-of-sight.fountain,MIDPOINT_DROP,80.1,78.9,-1.2
crawl/fantasy/out-of-sight.fountain,CLIMAX_RELOCATE,80.1,79.9,-0.2
crawl/fantasy/out-of-sight.fountain,DIALOGUE_FLATTEN,80.1,60.8,-19.3
isle-of-dogs-2018.fountain,SCENE_SHUFFLE,83.6,73.9,-9.7
isle-of-dogs-2018.fountain,MIDPOINT_DROP,83.6,81.1,-2.5
isle-of-dogs-2018.fountain,CLIMAX_RELOCATE,83.6,81.9,-1.7
isle-of-dogs-2018.fountain,DIALOGUE_FLATTEN,83.6,61.8,-21.8
crawl/sci-fi/el-cantante-pdf.fountain,SCENE_SHUFFLE,87.9,67,-20.9
crawl/sci-fi/el-cantante-pdf.fountain,MIDPOINT_DROP,87.9,85.4,-2.5
crawl/sci-fi/el-cantante-pdf.fountain,CLIMAX_RELOCATE,87.9,87.9,0
crawl/sci-fi/el-cantante-pdf.fountain,DIALOGUE_FLATTEN,87.9,70.8,-17.1
crawl/action/the-believer.fountain,SCENE_SHUFFLE,89.2,72.7,-16.5
crawl/action/the-believer.fountain,MIDPOINT_DROP,89.2,89.2,0
crawl/action/the-believer.fountain,CLIMAX_RELOCATE,89.2,89.2,0
crawl/action/the-believer.fountain,DIALOGUE_FLATTEN,89.2,71.5,-17.7
crawl/fantasy/very-bad-things.fountain,SCENE_SHUFFLE,85.4,88.4,3
crawl/fantasy/very-bad-things.fountain,MIDPOINT_DROP,85.4,83.3,-2.1
crawl/fantasy/very-bad-things.fountain,CLIMAX_RELOCATE,85.4,86.6,1.2
crawl/fantasy/very-bad-things.fountain,DIALOGUE_FLATTEN,85.4,67.9,-17.5
crawl/comedy/return-to-me.fountain,SCENE_SHUFFLE,84.6,88.6,4
crawl/comedy/return-to-me.fountain,MIDPOINT_DROP,84.6,84.6,0
crawl/comedy/return-to-me.fountain,CLIMAX_RELOCATE,84.6,84.7,0.1
crawl/comedy/return-to-me.fountain,DIALOGUE_FLATTEN,84.6,67.1,-17.5
crawl/horror/knocked-up-html.fountain,SCENE_SHUFFLE,81.9,84.5,2.6
crawl/horror/knocked-up-html.fountain,MIDPOINT_DROP,81.9,85.7,3.8
crawl/horror/knocked-up-html.fountain,CLIMAX_RELOCATE,81.9,83.5,1.6
crawl/horror/knocked-up-html.fountain,DIALOGUE_FLATTEN,81.9,63.8,-18.1
crawl/sci-fi/collateral-pdf.fountain,SCENE_SHUFFLE,95.9,97,1.1
crawl/sci-fi/collateral-pdf.fountain,MIDPOINT_DROP,95.9,94.9,-1
crawl/sci-fi/collateral-pdf.fountain,CLIMAX_RELOCATE,95.9,95.5,-0.4
crawl/sci-fi/collateral-pdf.fountain,DIALOGUE_FLATTEN,95.9,79.9,-16
how-to-train-your-dragon-the-hidden-world-2019.fountain,SCENE_SHUFFLE,91.6,90.9,-0.7
how-to-train-your-dragon-the-hidden-world-2019.fountain,MIDPOINT_DROP,91.6,87.2,-4.4
how-to-train-your-dragon-the-hidden-world-2019.fountain,CLIMAX_RELOCATE,91.6,91.6,0
how-to-train-your-dragon-the-hidden-world-2019.fountain,DIALOGUE_FLATTEN,91.6,59.8,-31.8
crawl/crime/fracture-html.fountain,SCENE_SHUFFLE,79.1,90,10.9
crawl/crime/fracture-html.fountain,MIDPOINT_DROP,79.1,84,4.9
crawl/crime/fracture-html.fountain,CLIMAX_RELOCATE,79.1,77.4,-1.7
crawl/crime/fracture-html.fountain,DIALOGUE_FLATTEN,79.1,61.8,-17.3
crawl/sci-fi/birth-of-a-nation-pdf.fountain,SCENE_SHUFFLE,92.2,69.4,-22.8
crawl/sci-fi/birth-of-a-nation-pdf.fountain,MIDPOINT_DROP,92.2,92.5,0.3
crawl/sci-fi/birth-of-a-nation-pdf.fountain,CLIMAX_RELOCATE,92.2,91.5,-0.7
crawl/sci-fi/birth-of-a-nation-pdf.fountain,DIALOGUE_FLATTEN,92.2,76.3,-15.9
crawl/action/ticker.fountain,SCENE_SHUFFLE,82.3,89,6.7
crawl/action/ticker.fountain,MIDPOINT_DROP,82.3,82.4,0.1
crawl/action/ticker.fountain,CLIMAX_RELOCATE,82.3,81.1,-1.2
crawl/action/ticker.fountain,DIALOGUE_FLATTEN,82.3,64.8,-17.5
Anastasia.fountain.txt,SCENE_SHUFFLE,95.3,75.9,-19.4
Anastasia.fountain.txt,MIDPOINT_DROP,95.3,95.6,0.3
Anastasia.fountain.txt,CLIMAX_RELOCATE,95.3,94.3,-1
Anastasia.fountain.txt,DIALOGUE_FLATTEN,95.3,70,-25.3
crawl/action/terminator-2-judgement-day-html.fountain,SCENE_SHUFFLE,87.3,87.3,0
crawl/action/terminator-2-judgement-day-html.fountain,MIDPOINT_DROP,87.3,84.4,-2.9
crawl/action/terminator-2-judgement-day-html.fountain,CLIMAX_RELOCATE,87.3,87.3,0
crawl/action/terminator-2-judgement-day-html.fountain,DIALOGUE_FLATTEN,87.3,69.3,-18
crawl/sci-fi/cradle-to-the-grave-pdf.fountain,SCENE_SHUFFLE,89.4,63.8,-25.6
crawl/sci-fi/cradle-to-the-grave-pdf.fountain,MIDPOINT_DROP,89.4,89.3,-0.1
crawl/sci-fi/cradle-to-the-grave-pdf.fountain,CLIMAX_RELOCATE,89.4,89.4,0
crawl/sci-fi/cradle-to-the-grave-pdf.fountain,DIALOGUE_FLATTEN,89.4,71.4,-18
off-season.fountain,SCENE_SHUFFLE,71.6,74.4,2.8
off-season.fountain,MIDPOINT_DROP,71.6,72.3,0.7
off-season.fountain,CLIMAX_RELOCATE,71.6,74.1,2.5
off-season.fountain,DIALOGUE_FLATTEN,71.6,29.6,-42
crawl/action/saving-private-ryan.fountain,SCENE_SHUFFLE,91.5,96.7,5.2
crawl/action/saving-private-ryan.fountain,MIDPOINT_DROP,91.5,88.7,-2.8
crawl/action/saving-private-ryan.fountain,CLIMAX_RELOCATE,91.5,90.7,-0.8
crawl/action/saving-private-ryan.fountain,DIALOGUE_FLATTEN,91.5,69,-22.5
crawl/horror/monster-s-ball-pdf.fountain,SCENE_SHUFFLE,88.6,95.9,7.3
crawl/horror/monster-s-ball-pdf.fountain,MIDPOINT_DROP,88.6,89.7,1.1
crawl/horror/monster-s-ball-pdf.fountain,CLIMAX_RELOCATE,88.6,89.3,0.7
crawl/horror/monster-s-ball-pdf.fountain,DIALOGUE_FLATTEN,88.6,64.8,-23.8
crawl/sci-fi/catwoman-pdf.fountain,SCENE_SHUFFLE,87.2,63.7,-23.5
crawl/sci-fi/catwoman-pdf.fountain,MIDPOINT_DROP,87.2,84.8,-2.4
crawl/sci-fi/catwoman-pdf.fountain,CLIMAX_RELOCATE,87.2,86,-1.2
crawl/sci-fi/catwoman-pdf.fountain,DIALOGUE_FLATTEN,87.2,76.8,-10.4
crawl/action/the-bijou.fountain,SCENE_SHUFFLE,92.2,72.4,-19.8
crawl/action/the-bijou.fountain,MIDPOINT_DROP,92.2,90.8,-1.4
crawl/action/the-bijou.fountain,CLIMAX_RELOCATE,92.2,92.1,-0.1
crawl/action/the-bijou.fountain,DIALOGUE_FLATTEN,92.2,68.4,-23.8
crawl/crime/pi.fountain,SCENE_SHUFFLE,95.7,94.2,-1.5
crawl/crime/pi.fountain,MIDPOINT_DROP,95.7,95.6,-0.1
crawl/crime/pi.fountain,CLIMAX_RELOCATE,95.7,96.5,0.8
crawl/crime/pi.fountain,DIALOGUE_FLATTEN,95.7,76.3,-19.4
crawl/sci-fi/halloween-resurrection-pdf.fountain,SCENE_SHUFFLE,90.7,79.2,-11.5
crawl/sci-fi/halloween-resurrection-pdf.fountain,MIDPOINT_DROP,90.7,87.4,-3.3
crawl/sci-fi/halloween-resurrection-pdf.fountain,CLIMAX_RELOCATE,90.7,91.4,0.7
crawl/sci-fi/halloween-resurrection-pdf.fountain,DIALOGUE_FLATTEN,90.7,71.9,-18.8
crawl/action/the-salton-sea.fountain,SCENE_SHUFFLE,74.7,78.8,4.1
crawl/action/the-salton-sea.fountain,MIDPOINT_DROP,74.7,84.9,10.2
crawl/action/the-salton-sea.fountain,CLIMAX_RELOCATE,74.7,74.4,-0.3
crawl/action/the-salton-sea.fountain,DIALOGUE_FLATTEN,74.7,56.3,-18.4
crawl/adventure/feast-early-draft.fountain,SCENE_SHUFFLE,95.7,87.9,-7.8
crawl/adventure/feast-early-draft.fountain,MIDPOINT_DROP,95.7,89.4,-6.3
crawl/adventure/feast-early-draft.fountain,CLIMAX_RELOCATE,95.7,96,0.3
crawl/adventure/feast-early-draft.fountain,DIALOGUE_FLATTEN,95.7,80.7,-15
inside-out-2015.fountain,SCENE_SHUFFLE,87.6,86.7,-0.9
inside-out-2015.fountain,MIDPOINT_DROP,87.6,88.4,0.8
inside-out-2015.fountain,CLIMAX_RELOCATE,87.6,88.8,1.2
inside-out-2015.fountain,DIALOGUE_FLATTEN,87.6,22.4,-65.2
kubo-and-the-two-strings-2016.fountain,SCENE_SHUFFLE,97.3,97.5,0.2
kubo-and-the-two-strings-2016.fountain,MIDPOINT_DROP,97.3,96.5,-0.8
kubo-and-the-two-strings-2016.fountain,CLIMAX_RELOCATE,97.3,97.5,0.2
kubo-and-the-two-strings-2016.fountain,DIALOGUE_FLATTEN,97.3,60.9,-36.4
crawl/sci-fi/executive-decision-pdf.fountain,SCENE_SHUFFLE,89.1,65.2,-23.9
crawl/sci-fi/executive-decision-pdf.fountain,MIDPOINT_DROP,89.1,88.3,-0.8
crawl/sci-fi/executive-decision-pdf.fountain,CLIMAX_RELOCATE,89.1,89.8,0.7
crawl/sci-fi/executive-decision-pdf.fountain,DIALOGUE_FLATTEN,89.1,72.1,-17
crawl/sci-fi/duchess-pdf.fountain,SCENE_SHUFFLE,95.2,82.7,-12.5
crawl/sci-fi/duchess-pdf.fountain,MIDPOINT_DROP,95.2,93.6,-1.6
crawl/sci-fi/duchess-pdf.fountain,CLIMAX_RELOCATE,95.2,95,-0.2
crawl/sci-fi/duchess-pdf.fountain,DIALOGUE_FLATTEN,95.2,80.7,-14.5
crawl/crime/limitless-html.fountain,SCENE_SHUFFLE,89.1,66.1,-23
crawl/crime/limitless-html.fountain,MIDPOINT_DROP,89.1,89.2,0.1
crawl/crime/limitless-html.fountain,CLIMAX_RELOCATE,89.1,88.2,-0.9
crawl/crime/limitless-html.fountain,DIALOGUE_FLATTEN,89.1,71.4,-17.7
crawl/crime/untraceable-pdf.fountain,SCENE_SHUFFLE,86.1,83.4,-2.7
crawl/crime/untraceable-pdf.fountain,MIDPOINT_DROP,86.1,85.9,-0.2
crawl/crime/untraceable-pdf.fountain,CLIMAX_RELOCATE,86.1,86.3,0.2
crawl/crime/untraceable-pdf.fountain,DIALOGUE_FLATTEN,86.1,68,-18.1
crawl/sci-fi/zootopia-pdf.fountain,SCENE_SHUFFLE,92.1,94.7,2.6
crawl/sci-fi/zootopia-pdf.fountain,MIDPOINT_DROP,92.1,89.4,-2.7
crawl/sci-fi/zootopia-pdf.fountain,CLIMAX_RELOCATE,92.1,93.7,1.6
crawl/sci-fi/zootopia-pdf.fountain,DIALOGUE_FLATTEN,92.1,77.7,-14.4
crawl/action/legionnaire.fountain,SCENE_SHUFFLE,85,74.4,-10.6
crawl/action/legionnaire.fountain,MIDPOINT_DROP,85,83.3,-1.7
crawl/action/legionnaire.fountain,CLIMAX_RELOCATE,85,85,0
crawl/action/legionnaire.fountain,DIALOGUE_FLATTEN,85,71.3,-13.7
crawl/comedy/the-hudsucker-proxy.fountain,SCENE_SHUFFLE,89.4,84,-5.4
crawl/comedy/the-hudsucker-proxy.fountain,MIDPOINT_DROP,89.4,89.2,-0.2
crawl/comedy/the-hudsucker-proxy.fountain,CLIMAX_RELOCATE,89.4,89.4,0
crawl/comedy/the-hudsucker-proxy.fountain,DIALOGUE_FLATTEN,89.4,71.4,-18
crawl/sci-fi/the-lost-city-of-z-pdf.fountain,SCENE_SHUFFLE,96.1,96.1,0
crawl/sci-fi/the-lost-city-of-z-pdf.fountain,MIDPOINT_DROP,96.1,94,-2.1
crawl/sci-fi/the-lost-city-of-z-pdf.fountain,CLIMAX_RELOCATE,96.1,96.1,0
crawl/sci-fi/the-lost-city-of-z-pdf.fountain,DIALOGUE_FLATTEN,96.1,79.6,-16.5
crawl/action/snatch-pdf.fountain,SCENE_SHUFFLE,93.7,96.1,2.4
crawl/action/snatch-pdf.fountain,MIDPOINT_DROP,93.7,93,-0.7
crawl/action/snatch-pdf.fountain,CLIMAX_RELOCATE,93.7,95.7,2
crawl/action/snatch-pdf.fountain,DIALOGUE_FLATTEN,93.7,73.1,-20.6
crawl/sci-fi/lion-pdf.fountain,SCENE_SHUFFLE,85.3,81,-4.3
crawl/sci-fi/lion-pdf.fountain,MIDPOINT_DROP,85.3,84.6,-0.7
crawl/sci-fi/lion-pdf.fountain,CLIMAX_RELOCATE,85.3,84.4,-0.9
crawl/sci-fi/lion-pdf.fountain,DIALOGUE_FLATTEN,85.3,66.9,-18.4
crawl/action/sgt-rock.fountain,SCENE_SHUFFLE,93.6,91.2,-2.4
crawl/action/sgt-rock.fountain,MIDPOINT_DROP,93.6,91.8,-1.8
crawl/action/sgt-rock.fountain,CLIMAX_RELOCATE,93.6,93.6,0
crawl/action/sgt-rock.fountain,DIALOGUE_FLATTEN,93.6,75.6,-18
crawl/crime/what-lies-beneath.fountain,SCENE_SHUFFLE,79.7,83.9,4.2
crawl/crime/what-lies-beneath.fountain,MIDPOINT_DROP,79.7,77.1,-2.6
crawl/crime/what-lies-beneath.fountain,CLIMAX_RELOCATE,79.7,79.6,-0.1
crawl/crime/what-lies-beneath.fountain,DIALOGUE_FLATTEN,79.7,65.2,-14.5
crawl/sci-fi/the-fantastic-four.fountain,SCENE_SHUFFLE,93.3,71.5,-21.8
crawl/sci-fi/the-fantastic-four.fountain,MIDPOINT_DROP,93.3,94.5,1.2
crawl/sci-fi/the-fantastic-four.fountain,CLIMAX_RELOCATE,93.3,92.9,-0.4
crawl/sci-fi/the-fantastic-four.fountain,DIALOGUE_FLATTEN,93.3,81.2,-12.1
crawl/sci-fi/liar-liar-pdf.fountain,SCENE_SHUFFLE,89.2,88,-1.2
crawl/sci-fi/liar-liar-pdf.fountain,MIDPOINT_DROP,89.2,88.4,-0.8
crawl/sci-fi/liar-liar-pdf.fountain,CLIMAX_RELOCATE,89.2,89.1,-0.1
crawl/sci-fi/liar-liar-pdf.fountain,DIALOGUE_FLATTEN,89.2,70.8,-18.4
crawl/action/clerks.fountain,SCENE_SHUFFLE,84.4,84.4,0
crawl/action/clerks.fountain,MIDPOINT_DROP,84.4,82.5,-1.9
crawl/action/clerks.fountain,CLIMAX_RELOCATE,84.4,84.4,0
crawl/action/clerks.fountain,DIALOGUE_FLATTEN,84.4,66.4,-18
crawl/sci-fi/state-and-main.fountain,SCENE_SHUFFLE,81.2,86.5,5.3
crawl/sci-fi/state-and-main.fountain,MIDPOINT_DROP,81.2,81.7,0.5
crawl/sci-fi/state-and-main.fountain,CLIMAX_RELOCATE,81.2,81,-0.2
crawl/sci-fi/state-and-main.fountain,DIALOGUE_FLATTEN,81.2,65.2,-16
crawl/sci-fi/lady-bird-pdf.fountain,SCENE_SHUFFLE,82.7,74.3,-8.4
crawl/sci-fi/lady-bird-pdf.fountain,MIDPOINT_DROP,82.7,77.2,-5.5
crawl/sci-fi/lady-bird-pdf.fountain,CLIMAX_RELOCATE,82.7,82.5,-0.2
crawl/sci-fi/lady-bird-pdf.fountain,DIALOGUE_FLATTEN,82.7,64.5,-18.2
crawl/crime/human-nature.fountain,SCENE_SHUFFLE,83.4,86.9,3.5
crawl/crime/human-nature.fountain,MIDPOINT_DROP,83.4,81.6,-1.8
crawl/crime/human-nature.fountain,CLIMAX_RELOCATE,83.4,85.2,1.8
crawl/crime/human-nature.fountain,DIALOGUE_FLATTEN,83.4,66.7,-16.7
crawl/crime/training-day.fountain,SCENE_SHUFFLE,81.2,92.8,11.6
crawl/crime/training-day.fountain,MIDPOINT_DROP,81.2,84.8,3.6
crawl/crime/training-day.fountain,CLIMAX_RELOCATE,81.2,79.7,-1.5
crawl/crime/training-day.fountain,DIALOGUE_FLATTEN,81.2,64.2,-17
crawl/action/wag-the-dog.fountain,SCENE_SHUFFLE,89.5,89.5,0
crawl/action/wag-the-dog.fountain,MIDPOINT_DROP,89.5,89.4,-0.1
crawl/action/wag-the-dog.fountain,CLIMAX_RELOCATE,89.5,89.5,0
crawl/action/wag-the-dog.fountain,DIALOGUE_FLATTEN,89.5,69.8,-19.7
crawl/fantasy/five-feet-and-rising.fountain,SCENE_SHUFFLE,84.8,79.6,-5.2
crawl/fantasy/five-feet-and-rising.fountain,MIDPOINT_DROP,84.8,83.3,-1.5
crawl/fantasy/five-feet-and-rising.fountain,CLIMAX_RELOCATE,84.8,83.9,-0.9
crawl/fantasy/five-feet-and-rising.fountain,DIALOGUE_FLATTEN,84.8,66.8,-18
crawl/action/the-village-originally-the-woods.fountain,SCENE_SHUFFLE,78.7,65.4,-13.3
crawl/action/the-village-originally-the-woods.fountain,MIDPOINT_DROP,78.7,80,1.3
crawl/action/the-village-originally-the-woods.fountain,CLIMAX_RELOCATE,78.7,78.7,0
crawl/action/the-village-originally-the-woods.fountain,DIALOGUE_FLATTEN,78.7,68.2,-10.5
crawl/action/suspect-zero.fountain,SCENE_SHUFFLE,95.4,97.5,2.1
crawl/action/suspect-zero.fountain,MIDPOINT_DROP,95.4,94.1,-1.3
crawl/action/suspect-zero.fountain,CLIMAX_RELOCATE,95.4,97.5,2.1
crawl/action/suspect-zero.fountain,DIALOGUE_FLATTEN,95.4,78.4,-17
crawl/sci-fi/moonlight-pdf.fountain,SCENE_SHUFFLE,78.5,69.3,-9.2
crawl/sci-fi/moonlight-pdf.fountain,MIDPOINT_DROP,78.5,75.5,-3
crawl/sci-fi/moonlight-pdf.fountain,CLIMAX_RELOCATE,78.5,79.4,0.9
crawl/sci-fi/moonlight-pdf.fountain,DIALOGUE_FLATTEN,78.5,60.5,-18
crawl/sci-fi/black-snake-moan-pdf.fountain,SCENE_SHUFFLE,93.7,96.4,2.7
crawl/sci-fi/black-snake-moan-pdf.fountain,MIDPOINT_DROP,93.7,94.5,0.8
crawl/sci-fi/black-snake-moan-pdf.fountain,CLIMAX_RELOCATE,93.7,93.2,-0.5
crawl/sci-fi/black-snake-moan-pdf.fountain,DIALOGUE_FLATTEN,93.7,72.4,-21.3
crawl/romance/true-romance-pdf.fountain,SCENE_SHUFFLE,83.2,86.5,3.3
crawl/romance/true-romance-pdf.fountain,MIDPOINT_DROP,83.2,81.9,-1.3
crawl/romance/true-romance-pdf.fountain,CLIMAX_RELOCATE,83.2,82.9,-0.3
crawl/romance/true-romance-pdf.fountain,DIALOGUE_FLATTEN,83.2,65.2,-18
crawl/drama/out-of-sight.fountain,SCENE_SHUFFLE,78.3,84.4,6.1
crawl/drama/out-of-sight.fountain,MIDPOINT_DROP,78.3,79.7,1.4
crawl/drama/out-of-sight.fountain,CLIMAX_RELOCATE,78.3,77.5,-0.8
crawl/drama/out-of-sight.fountain,DIALOGUE_FLATTEN,78.3,58.9,-19.4
crawl/sci-fi/10-things-i-hate-about-you.fountain,SCENE_SHUFFLE,96.7,96.5,-0.2
crawl/sci-fi/10-things-i-hate-about-you.fountain,MIDPOINT_DROP,96.7,96.1,-0.6
crawl/sci-fi/10-things-i-hate-about-you.fountain,CLIMAX_RELOCATE,96.7,95.1,-1.6
crawl/sci-fi/10-things-i-hate-about-you.fountain,DIALOGUE_FLATTEN,96.7,72.3,-24.4
crawl/fantasy/cast-away.fountain,SCENE_SHUFFLE,89.5,87.6,-1.9
crawl/fantasy/cast-away.fountain,MIDPOINT_DROP,89.5,89.4,-0.1
crawl/fantasy/cast-away.fountain,CLIMAX_RELOCATE,89.5,89.5,0
crawl/fantasy/cast-away.fountain,DIALOGUE_FLATTEN,89.5,71.5,-18
crawl/action/bringing-out-the-dead.fountain,SCENE_SHUFFLE,79.7,87.5,7.8
crawl/action/bringing-out-the-dead.fountain,MIDPOINT_DROP,79.7,80.1,0.4
crawl/action/bringing-out-the-dead.fountain,CLIMAX_RELOCATE,79.7,83.5,3.8
crawl/action/bringing-out-the-dead.fountain,DIALOGUE_FLATTEN,79.7,61.1,-18.6
crawl/action/the-5th-element.fountain,SCENE_SHUFFLE,98.5,98.5,0
crawl/action/the-5th-element.fountain,MIDPOINT_DROP,98.5,97.5,-1
crawl/action/the-5th-element.fountain,CLIMAX_RELOCATE,98.5,98.6,0.1
crawl/action/the-5th-element.fountain,DIALOGUE_FLATTEN,98.5,80.5,-18
crawl/action/valkyrie-html.fountain,SCENE_SHUFFLE,93.5,90.9,-2.6
crawl/action/valkyrie-html.fountain,MIDPOINT_DROP,93.5,88.7,-4.8
crawl/action/valkyrie-html.fountain,CLIMAX_RELOCATE,93.5,95.5,2
crawl/action/valkyrie-html.fountain,DIALOGUE_FLATTEN,93.5,77,-16.5
crawl/action/bottle-rocket.fountain,SCENE_SHUFFLE,90.1,89.6,-0.5
crawl/action/bottle-rocket.fountain,MIDPOINT_DROP,90.1,87.8,-2.3
crawl/action/bottle-rocket.fountain,CLIMAX_RELOCATE,90.1,90.9,0.8
crawl/action/bottle-rocket.fountain,DIALOGUE_FLATTEN,90.1,73.6,-16.5
crawl/action/slither.fountain,SCENE_SHUFFLE,76.4,77.6,1.2
crawl/action/slither.fountain,MIDPOINT_DROP,76.4,77.5,1.1
crawl/action/slither.fountain,CLIMAX_RELOCATE,76.4,76.5,0.1
crawl/action/slither.fountain,DIALOGUE_FLATTEN,76.4,62,-14.4
crawl/crime/donnie-brasco.fountain,SCENE_SHUFFLE,89.3,63.3,-26
crawl/crime/donnie-brasco.fountain,MIDPOINT_DROP,89.3,89.3,0
crawl/crime/donnie-brasco.fountain,CLIMAX_RELOCATE,89.3,87.4,-1.9
crawl/crime/donnie-brasco.fountain,DIALOGUE_FLATTEN,89.3,70.8,-18.5
crawl/action/freaked-pdf.fountain,SCENE_SHUFFLE,94.4,97.2,2.8
crawl/action/freaked-pdf.fountain,MIDPOINT_DROP,94.4,97.1,2.7
crawl/action/freaked-pdf.fountain,CLIMAX_RELOCATE,94.4,93.5,-0.9
crawl/action/freaked-pdf.fountain,DIALOGUE_FLATTEN,94.4,76,-18.4
crawl/horror/zerophilia-html.fountain,SCENE_SHUFFLE,93.2,90.1,-3.1
crawl/horror/zerophilia-html.fountain,MIDPOINT_DROP,93.2,94.4,1.2
crawl/horror/zerophilia-html.fountain,CLIMAX_RELOCATE,93.2,94.5,1.3
crawl/horror/zerophilia-html.fountain,DIALOGUE_FLATTEN,93.2,74.5,-18.7
crawl/sci-fi/charlie-s-angels-pdf.fountain,SCENE_SHUFFLE,89.8,73.5,-16.3
crawl/sci-fi/charlie-s-angels-pdf.fountain,MIDPOINT_DROP,89.8,91.4,1.6
crawl/sci-fi/charlie-s-angels-pdf.fountain,CLIMAX_RELOCATE,89.8,89.7,-0.1
crawl/sci-fi/charlie-s-angels-pdf.fountain,DIALOGUE_FLATTEN,89.8,71.5,-18.3
crawl/sci-fi/sully-pdf.fountain,SCENE_SHUFFLE,85.8,87.8,2
crawl/sci-fi/sully-pdf.fountain,MIDPOINT_DROP,85.8,85,-0.8
crawl/sci-fi/sully-pdf.fountain,CLIMAX_RELOCATE,85.8,85.1,-0.7
crawl/sci-fi/sully-pdf.fountain,DIALOGUE_FLATTEN,85.8,68,-17.8
Kung Fu Panda.fountain.txt,SCENE_SHUFFLE,97.4,89.2,-8.2
Kung Fu Panda.fountain.txt,MIDPOINT_DROP,97.4,96.6,-0.8
Kung Fu Panda.fountain.txt,CLIMAX_RELOCATE,97.4,97.2,-0.2
Kung Fu Panda.fountain.txt,DIALOGUE_FLATTEN,97.4,67.9,-29.5
crawl/horror/true-romance-html.fountain,SCENE_SHUFFLE,94.4,65,-29.4
crawl/horror/true-romance-html.fountain,MIDPOINT_DROP,94.4,92.8,-1.6
crawl/horror/true-romance-html.fountain,CLIMAX_RELOCATE,94.4,97.7,3.3
crawl/horror/true-romance-html.fountain,DIALOGUE_FLATTEN,94.4,68.6,-25.8
crawl/sci-fi/the-italian-job-pdf.fountain,SCENE_SHUFFLE,81.7,66.2,-15.5
crawl/sci-fi/the-italian-job-pdf.fountain,MIDPOINT_DROP,81.7,86.5,4.8
crawl/sci-fi/the-italian-job-pdf.fountain,CLIMAX_RELOCATE,81.7,81.4,-0.3
crawl/sci-fi/the-italian-job-pdf.fountain,DIALOGUE_FLATTEN,81.7,66.8,-14.9
dead-frequency.fountain,SCENE_SHUFFLE,78.4,82,3.6
dead-frequency.fountain,MIDPOINT_DROP,78.4,74.6,-3.8
dead-frequency.fountain,CLIMAX_RELOCATE,78.4,78.3,-0.1
dead-frequency.fountain,DIALOGUE_FLATTEN,78.4,48.4,-30
crawl/sci-fi/committed-filmed-as-crazylove-pdf.fountain,SCENE_SHUFFLE,86,91.5,5.5
crawl/sci-fi/committed-filmed-as-crazylove-pdf.fountain,MIDPOINT_DROP,86,88.2,2.2
crawl/sci-fi/committed-filmed-as-crazylove-pdf.fountain,CLIMAX_RELOCATE,86,81.3,-4.7
crawl/sci-fi/committed-filmed-as-crazylove-pdf.fountain,DIALOGUE_FLATTEN,86,67.7,-18.3
crawl/comedy/kids.fountain,SCENE_SHUFFLE,84.7,68.1,-16.6
crawl/comedy/kids.fountain,MIDPOINT_DROP,84.7,68.2,-16.5
crawl/comedy/kids.fountain,CLIMAX_RELOCATE,84.7,86,1.3
crawl/comedy/kids.fountain,DIALOGUE_FLATTEN,84.7,65.1,-19.6
crawl/action/the-crow.fountain,SCENE_SHUFFLE,86.9,78.4,-8.5
crawl/action/the-crow.fountain,MIDPOINT_DROP,86.9,92.8,5.9
crawl/action/the-crow.fountain,CLIMAX_RELOCATE,86.9,89,2.1
crawl/action/the-crow.fountain,DIALOGUE_FLATTEN,86.9,77.5,-9.4
crawl/war/spartan-pdf.fountain,SCENE_SHUFFLE,83.7,79.6,-4.1
crawl/war/spartan-pdf.fountain,MIDPOINT_DROP,83.7,82.5,-1.2
crawl/war/spartan-pdf.fountain,CLIMAX_RELOCATE,83.7,84,0.3
crawl/war/spartan-pdf.fountain,DIALOGUE_FLATTEN,83.7,66.2,-17.5
crawl/action/dark-angel-pilot.fountain,SCENE_SHUFFLE,86.3,65.2,-21.1
crawl/action/dark-angel-pilot.fountain,MIDPOINT_DROP,86.3,86.2,-0.1
crawl/action/dark-angel-pilot.fountain,CLIMAX_RELOCATE,86.3,86.5,0.2
crawl/action/dark-angel-pilot.fountain,DIALOGUE_FLATTEN,86.3,73.6,-12.7
crawl/sci-fi/fury-pdf.fountain,SCENE_SHUFFLE,90.8,98.4,7.6
crawl/sci-fi/fury-pdf.fountain,MIDPOINT_DROP,90.8,91.5,0.7
crawl/sci-fi/fury-pdf.fountain,CLIMAX_RELOCATE,90.8,91.7,0.9
crawl/sci-fi/fury-pdf.fountain,DIALOGUE_FLATTEN,90.8,75.1,-15.7
crawl/action/u-turn.fountain,SCENE_SHUFFLE,94.2,92.2,-2
crawl/action/u-turn.fountain,MIDPOINT_DROP,94.2,97.2,3
crawl/action/u-turn.fountain,CLIMAX_RELOCATE,94.2,94.8,0.6
crawl/action/u-turn.fountain,DIALOGUE_FLATTEN,94.2,77.5,-16.7
crawl/adventure/mrs-brown.fountain,SCENE_SHUFFLE,89,85.6,-3.4
crawl/adventure/mrs-brown.fountain,MIDPOINT_DROP,89,86.2,-2.8
crawl/adventure/mrs-brown.fountain,CLIMAX_RELOCATE,89,89,0
crawl/adventure/mrs-brown.fountain,DIALOGUE_FLATTEN,89,71,-18
crawl/action/assassins.fountain,SCENE_SHUFFLE,83.6,89.4,5.8
crawl/action/assassins.fountain,MIDPOINT_DROP,83.6,84.9,1.3
crawl/action/assassins.fountain,CLIMAX_RELOCATE,83.6,85.6,2
crawl/action/assassins.fountain,DIALOGUE_FLATTEN,83.6,66,-17.6
crawl/sci-fi/sphere.fountain,SCENE_SHUFFLE,87.1,89.3,2.2
crawl/sci-fi/sphere.fountain,MIDPOINT_DROP,87.1,81.8,-5.3
crawl/sci-fi/sphere.fountain,CLIMAX_RELOCATE,87.1,88,0.9
crawl/sci-fi/sphere.fountain,DIALOGUE_FLATTEN,87.1,71.2,-15.9
crawl/sci-fi/city-of-joy-pdf.fountain,SCENE_SHUFFLE,77.9,69.5,-8.4
crawl/sci-fi/city-of-joy-pdf.fountain,MIDPOINT_DROP,77.9,81.9,4
crawl/sci-fi/city-of-joy-pdf.fountain,CLIMAX_RELOCATE,77.9,77.2,-0.7
crawl/sci-fi/city-of-joy-pdf.fountain,DIALOGUE_FLATTEN,77.9,58.4,-19.5
crawl/action/demolition-man.fountain,SCENE_SHUFFLE,87.5,88.3,0.8
crawl/action/demolition-man.fountain,MIDPOINT_DROP,87.5,82,-5.5
crawl/action/demolition-man.fountain,CLIMAX_RELOCATE,87.5,88.9,1.4
crawl/action/demolition-man.fountain,DIALOGUE_FLATTEN,87.5,66.1,-21.4
crawl/adventure/the-talented-mr-ripley.fountain,SCENE_SHUFFLE,89.5,85.7,-3.8
crawl/adventure/the-talented-mr-ripley.fountain,MIDPOINT_DROP,89.5,88.8,-0.7
crawl/adventure/the-talented-mr-ripley.fountain,CLIMAX_RELOCATE,89.5,89.4,-0.1
crawl/adventure/the-talented-mr-ripley.fountain,DIALOGUE_FLATTEN,89.5,68.9,-20.6
crawl/sci-fi/mini-s-first-time-pdf.fountain,SCENE_SHUFFLE,89.8,85.7,-4.1
crawl/sci-fi/mini-s-first-time-pdf.fountain,MIDPOINT_DROP,89.8,89.4,-0.4
crawl/sci-fi/mini-s-first-time-pdf.fountain,CLIMAX_RELOCATE,89.8,89.8,0
crawl/sci-fi/mini-s-first-time-pdf.fountain,DIALOGUE_FLATTEN,89.8,71.3,-18.5
crawl/action/avatar-html.fountain,SCENE_SHUFFLE,93.6,82.2,-11.4
crawl/action/avatar-html.fountain,MIDPOINT_DROP,93.6,95,1.4
crawl/action/avatar-html.fountain,CLIMAX_RELOCATE,93.6,93.9,0.3
crawl/action/avatar-html.fountain,DIALOGUE_FLATTEN,93.6,78.2,-15.4
crawl/sci-fi/troy-pdf.fountain,SCENE_SHUFFLE,86.6,77.8,-8.8
crawl/sci-fi/troy-pdf.fountain,MIDPOINT_DROP,86.6,86.3,-0.3
crawl/sci-fi/troy-pdf.fountain,CLIMAX_RELOCATE,86.6,86.4,-0.2
crawl/sci-fi/troy-pdf.fountain,DIALOGUE_FLATTEN,86.6,70.3,-16.3
up-2009.fountain,SCENE_SHUFFLE,82.1,87.3,5.2
up-2009.fountain,MIDPOINT_DROP,82.1,86.2,4.1
up-2009.fountain,CLIMAX_RELOCATE,82.1,84.3,2.2
up-2009.fountain,DIALOGUE_FLATTEN,82.1,63.8,-18.3
crawl/action/the-cider-house-rules.fountain,SCENE_SHUFFLE,89.9,65.2,-24.7
crawl/action/the-cider-house-rules.fountain,MIDPOINT_DROP,89.9,89.1,-0.8
crawl/action/the-cider-house-rules.fountain,CLIMAX_RELOCATE,89.9,88.2,-1.7
crawl/action/the-cider-house-rules.fountain,DIALOGUE_FLATTEN,89.9,68.9,-21
crawl/horror/meet-joe-black-html.fountain,SCENE_SHUFFLE,98.4,84.4,-14
crawl/horror/meet-joe-black-html.fountain,MIDPOINT_DROP,98.4,98,-0.4
crawl/horror/meet-joe-black-html.fountain,CLIMAX_RELOCATE,98.4,98.2,-0.2
crawl/horror/meet-joe-black-html.fountain,DIALOGUE_FLATTEN,98.4,77.2,-21.2
the-good-dinosaur-2015.fountain,SCENE_SHUFFLE,98,90,-8
the-good-dinosaur-2015.fountain,MIDPOINT_DROP,98,97.5,-0.5
the-good-dinosaur-2015.fountain,CLIMAX_RELOCATE,98,98,0
the-good-dinosaur-2015.fountain,DIALOGUE_FLATTEN,98,70,-28
crawl/action/soldier.fountain,SCENE_SHUFFLE,91.7,72.3,-19.4
crawl/action/soldier.fountain,MIDPOINT_DROP,91.7,94.4,2.7
crawl/action/soldier.fountain,CLIMAX_RELOCATE,91.7,92.6,0.9
crawl/action/soldier.fountain,DIALOGUE_FLATTEN,91.7,75.1,-16.6
crawl/sci-fi/american-splendor-pdf.fountain,SCENE_SHUFFLE,88.6,71.5,-17.1
crawl/sci-fi/american-splendor-pdf.fountain,MIDPOINT_DROP,88.6,85.4,-3.2
crawl/sci-fi/american-splendor-pdf.fountain,CLIMAX_RELOCATE,88.6,89.3,0.7
crawl/sci-fi/american-splendor-pdf.fountain,DIALOGUE_FLATTEN,88.6,68.7,-19.9
crawl/sci-fi/hotel-rwanda-pdf.fountain,SCENE_SHUFFLE,89.4,86.5,-2.9
crawl/sci-fi/hotel-rwanda-pdf.fountain,MIDPOINT_DROP,89.4,89.2,-0.2
crawl/sci-fi/hotel-rwanda-pdf.fountain,CLIMAX_RELOCATE,89.4,89.4,0
crawl/sci-fi/hotel-rwanda-pdf.fountain,DIALOGUE_FLATTEN,89.4,68.9,-20.5
crawl/action/autumn-in-new-york.fountain,SCENE_SHUFFLE,82.8,98.3,15.5
crawl/action/autumn-in-new-york.fountain,MIDPOINT_DROP,82.8,77.5,-5.3
crawl/action/autumn-in-new-york.fountain,CLIMAX_RELOCATE,82.8,82.4,-0.4
crawl/action/autumn-in-new-york.fountain,DIALOGUE_FLATTEN,82.8,59.3,-23.5
crawl/action/the-grifters.fountain,SCENE_SHUFFLE,85,93.6,8.6
crawl/action/the-grifters.fountain,MIDPOINT_DROP,85,80.5,-4.5
crawl/action/the-grifters.fountain,CLIMAX_RELOCATE,85,85.2,0.2
crawl/action/the-grifters.fountain,DIALOGUE_FLATTEN,85,69.2,-15.8
crawl/crime/drop-dead-gorgeous.fountain,SCENE_SHUFFLE,86.1,78.7,-7.4
crawl/crime/drop-dead-gorgeous.fountain,MIDPOINT_DROP,86.1,85.9,-0.2
crawl/crime/drop-dead-gorgeous.fountain,CLIMAX_RELOCATE,86.1,86.5,0.4
crawl/crime/drop-dead-gorgeous.fountain,DIALOGUE_FLATTEN,86.1,66.9,-19.2
crawl/sci-fi/being-human-pdf.fountain,SCENE_SHUFFLE,85,88.6,3.6
crawl/sci-fi/being-human-pdf.fountain,MIDPOINT_DROP,85,84.6,-0.4
crawl/sci-fi/being-human-pdf.fountain,CLIMAX_RELOCATE,85,84.2,-0.8
crawl/sci-fi/being-human-pdf.fountain,DIALOGUE_FLATTEN,85,67.4,-17.6
crawl/sci-fi/rough-diamonds-filmed-as-wild-things-diamonds-in-the-rough-p.fountain,SCENE_SHUFFLE,85.7,67.8,-17.9
crawl/sci-fi/rough-diamonds-filmed-as-wild-things-diamonds-in-the-rough-p.fountain,MIDPOINT_DROP,85.7,85.2,-0.5
crawl/sci-fi/rough-diamonds-filmed-as-wild-things-diamonds-in-the-rough-p.fountain,CLIMAX_RELOCATE,85.7,84.5,-1.2
crawl/sci-fi/rough-diamonds-filmed-as-wild-things-diamonds-in-the-rough-p.fountain,DIALOGUE_FLATTEN,85.7,65.2,-20.5
crawl/crime/fracture-pdf.fountain,SCENE_SHUFFLE,79.8,91.3,11.5
crawl/crime/fracture-pdf.fountain,MIDPOINT_DROP,79.8,84.2,4.4
crawl/crime/fracture-pdf.fountain,CLIMAX_RELOCATE,79.8,78.5,-1.3
crawl/crime/fracture-pdf.fountain,DIALOGUE_FLATTEN,79.8,62.4,-17.4
crawl/horror/pirates-of-the-caribbean.fountain,SCENE_SHUFFLE,93.1,79.1,-14
crawl/horror/pirates-of-the-caribbean.fountain,MIDPOINT_DROP,93.1,91.5,-1.6
crawl/horror/pirates-of-the-caribbean.fountain,CLIMAX_RELOCATE,93.1,99.1,6
crawl/horror/pirates-of-the-caribbean.fountain,DIALOGUE_FLATTEN,93.1,76.8,-16.3
crawl/sci-fi/toni-erdmann-pdf.fountain,SCENE_SHUFFLE,88.7,90.5,1.8
crawl/sci-fi/toni-erdmann-pdf.fountain,MIDPOINT_DROP,88.7,89.6,0.9
crawl/sci-fi/toni-erdmann-pdf.fountain,CLIMAX_RELOCATE,88.7,89.2,0.5
crawl/sci-fi/toni-erdmann-pdf.fountain,DIALOGUE_FLATTEN,88.7,76.7,-12
crawl/comedy/a-walk-to-remember.fountain,SCENE_SHUFFLE,83.1,83.9,0.8
crawl/comedy/a-walk-to-remember.fountain,MIDPOINT_DROP,83.1,82.5,-0.6
crawl/comedy/a-walk-to-remember.fountain,CLIMAX_RELOCATE,83.1,82.8,-0.3
crawl/comedy/a-walk-to-remember.fountain,DIALOGUE_FLATTEN,83.1,65.6,-17.5
crawl/sci-fi/10-000-b-c-pdf.fountain,SCENE_SHUFFLE,99.2,85,-14.2
crawl/sci-fi/10-000-b-c-pdf.fountain,MIDPOINT_DROP,99.2,96.8,-2.4
crawl/sci-fi/10-000-b-c-pdf.fountain,CLIMAX_RELOCATE,99.2,99.2,0
crawl/sci-fi/10-000-b-c-pdf.fountain,DIALOGUE_FLATTEN,99.2,81.2,-18
crawl/sci-fi/virtuosity-pdf.fountain,SCENE_SHUFFLE,91.9,97.2,5.3
crawl/sci-fi/virtuosity-pdf.fountain,MIDPOINT_DROP,91.9,89,-2.9
crawl/sci-fi/virtuosity-pdf.fountain,CLIMAX_RELOCATE,91.9,91.3,-0.6
crawl/sci-fi/virtuosity-pdf.fountain,DIALOGUE_FLATTEN,91.9,76,-15.9
crawl/sci-fi/the-boy-next-door-pdf.fountain,SCENE_SHUFFLE,81.4,87.8,6.4
crawl/sci-fi/the-boy-next-door-pdf.fountain,MIDPOINT_DROP,81.4,89.3,7.9
crawl/sci-fi/the-boy-next-door-pdf.fountain,CLIMAX_RELOCATE,81.4,80.7,-0.7
crawl/sci-fi/the-boy-next-door-pdf.fountain,DIALOGUE_FLATTEN,81.4,64.7,-16.7
spiyder-race-2011-html.fountain,SCENE_SHUFFLE,98.4,94.5,-3.9
spiyder-race-2011-html.fountain,MIDPOINT_DROP,98.4,98.5,0.1
spiyder-race-2011-html.fountain,CLIMAX_RELOCATE,98.4,98.7,0.3
spiyder-race-2011-html.fountain,DIALOGUE_FLATTEN,98.4,70.8,-27.6
crawl/sci-fi/20th-century-woman-pdf.fountain,SCENE_SHUFFLE,85.5,58.2,-27.3
crawl/sci-fi/20th-century-woman-pdf.fountain,MIDPOINT_DROP,85.5,82.9,-2.6
crawl/sci-fi/20th-century-woman-pdf.fountain,CLIMAX_RELOCATE,85.5,86.4,0.9
crawl/sci-fi/20th-century-woman-pdf.fountain,DIALOGUE_FLATTEN,85.5,67.5,-18
crawl/action/heist-pdf.fountain,SCENE_SHUFFLE,86.9,86.5,-0.4
crawl/action/heist-pdf.fountain,MIDPOINT_DROP,86.9,87.6,0.7
crawl/action/heist-pdf.fountain,CLIMAX_RELOCATE,86.9,86.9,0
crawl/action/heist-pdf.fountain,DIALOGUE_FLATTEN,86.9,66.1,-20.8
crawl/action/nick-of-time.fountain,SCENE_SHUFFLE,88.4,88.9,0.5
crawl/action/nick-of-time.fountain,MIDPOINT_DROP,88.4,91.8,3.4
crawl/action/nick-of-time.fountain,CLIMAX_RELOCATE,88.4,87.7,-0.7
crawl/action/nick-of-time.fountain,DIALOGUE_FLATTEN,88.4,71.8,-16.6
Frozen.fountain.txt,SCENE_SHUFFLE,88.9,83.6,-5.3
Frozen.fountain.txt,MIDPOINT_DROP,88.9,88.6,-0.3
Frozen.fountain.txt,CLIMAX_RELOCATE,88.9,88.9,0
Frozen.fountain.txt,DIALOGUE_FLATTEN,88.9,67.1,-21.8
Toy_Story_3.fountain.txt,SCENE_SHUFFLE,98.2,78.1,-20.1
Toy_Story_3.fountain.txt,MIDPOINT_DROP,98.2,94.2,-4
Toy_Story_3.fountain.txt,CLIMAX_RELOCATE,98.2,98.1,-0.1
Toy_Story_3.fountain.txt,DIALOGUE_FLATTEN,98.2,68.4,-29.8
crawl/action/ace-ventura-pet-detective.fountain,SCENE_SHUFFLE,88.9,75.3,-13.6
crawl/action/ace-ventura-pet-detective.fountain,MIDPOINT_DROP,88.9,88,-0.9
crawl/action/ace-ventura-pet-detective.fountain,CLIMAX_RELOCATE,88.9,88.1,-0.8
crawl/action/ace-ventura-pet-detective.fountain,DIALOGUE_FLATTEN,88.9,70.6,-18.3
crawl/crime/the-cell.fountain,SCENE_SHUFFLE,93.2,87.8,-5.4
crawl/crime/the-cell.fountain,MIDPOINT_DROP,93.2,92,-1.2
crawl/crime/the-cell.fountain,CLIMAX_RELOCATE,93.2,92.2,-1
crawl/crime/the-cell.fountain,DIALOGUE_FLATTEN,93.2,73.6,-19.6
crawl/comedy/timber-falls-html.fountain,SCENE_SHUFFLE,80,80,0
crawl/comedy/timber-falls-html.fountain,MIDPOINT_DROP,80,72,-8
crawl/comedy/timber-falls-html.fountain,CLIMAX_RELOCATE,80,80,0
crawl/comedy/timber-falls-html.fountain,DIALOGUE_FLATTEN,80,62.4,-17.6
crawl/horror/little-nicky.fountain,SCENE_SHUFFLE,79.4,82.7,3.3
crawl/horror/little-nicky.fountain,MIDPOINT_DROP,79.4,76.8,-2.6
crawl/horror/little-nicky.fountain,CLIMAX_RELOCATE,79.4,79.6,0.2
crawl/horror/little-nicky.fountain,DIALOGUE_FLATTEN,79.4,62,-17.4
crawl/action/3-kings-spoils-of-war.fountain,SCENE_SHUFFLE,96.2,94.6,-1.6
crawl/action/3-kings-spoils-of-war.fountain,MIDPOINT_DROP,96.2,93.4,-2.8
crawl/action/3-kings-spoils-of-war.fountain,CLIMAX_RELOCATE,96.2,96.2,0
crawl/action/3-kings-spoils-of-war.fountain,DIALOGUE_FLATTEN,96.2,72.3,-23.9
crawl/sci-fi/the-meddler-pdf.fountain,SCENE_SHUFFLE,88.3,83.9,-4.4
crawl/sci-fi/the-meddler-pdf.fountain,MIDPOINT_DROP,88.3,92.3,4
crawl/sci-fi/the-meddler-pdf.fountain,CLIMAX_RELOCATE,88.3,87.7,-0.6
crawl/sci-fi/the-meddler-pdf.fountain,DIALOGUE_FLATTEN,88.3,70.5,-17.8
spider-man-across-the-spider-verse-2023.fountain,SCENE_SHUFFLE,98.9,91.7,-7.2
spider-man-across-the-spider-verse-2023.fountain,MIDPOINT_DROP,98.9,98.1,-0.8
spider-man-across-the-spider-verse-2023.fountain,CLIMAX_RELOCATE,98.9,98.8,-0.1
spider-man-across-the-spider-verse-2023.fountain,DIALOGUE_FLATTEN,98.9,70.9,-28
crawl/sci-fi/wonderstruck-pdf.fountain,SCENE_SHUFFLE,94.8,82.2,-12.6
crawl/sci-fi/wonderstruck-pdf.fountain,MIDPOINT_DROP,94.8,93.4,-1.4
crawl/sci-fi/wonderstruck-pdf.fountain,CLIMAX_RELOCATE,94.8,94.2,-0.6
crawl/sci-fi/wonderstruck-pdf.fountain,DIALOGUE_FLATTEN,94.8,77,-17.8
crawl/sci-fi/breakdown-pdf.fountain,SCENE_SHUFFLE,81.5,79.4,-2.1
crawl/sci-fi/breakdown-pdf.fountain,MIDPOINT_DROP,81.5,83.4,1.9
crawl/sci-fi/breakdown-pdf.fountain,CLIMAX_RELOCATE,81.5,82.9,1.4
crawl/sci-fi/breakdown-pdf.fountain,DIALOGUE_FLATTEN,81.5,64.7,-16.8
crawl/sci-fi/the-island-pdf.fountain,SCENE_SHUFFLE,89,80.9,-8.1
crawl/sci-fi/the-island-pdf.fountain,MIDPOINT_DROP,89,90.8,1.8
crawl/sci-fi/the-island-pdf.fountain,CLIMAX_RELOCATE,89,88.5,-0.5
crawl/sci-fi/the-island-pdf.fountain,DIALOGUE_FLATTEN,89,68.3,-20.7
crawl/fantasy/batman-returns.fountain,SCENE_SHUFFLE,87.2,88.8,1.6
crawl/fantasy/batman-returns.fountain,MIDPOINT_DROP,87.2,86.4,-0.8
crawl/fantasy/batman-returns.fountain,CLIMAX_RELOCATE,87.2,87,-0.2
crawl/fantasy/batman-returns.fountain,DIALOGUE_FLATTEN,87.2,70.2,-17
crawl/romance/never-been-kissed.fountain,SCENE_SHUFFLE,79,88.4,9.4
crawl/romance/never-been-kissed.fountain,MIDPOINT_DROP,79,73.9,-5.1
crawl/romance/never-been-kissed.fountain,CLIMAX_RELOCATE,79,79.6,0.6
crawl/romance/never-been-kissed.fountain,DIALOGUE_FLATTEN,79,61.2,-17.8
crawl/action/hero.fountain,SCENE_SHUFFLE,83.1,69.6,-13.5
crawl/action/hero.fountain,MIDPOINT_DROP,83.1,85.6,2.5
crawl/action/hero.fountain,CLIMAX_RELOCATE,83.1,82.3,-0.8
crawl/action/hero.fountain,DIALOGUE_FLATTEN,83.1,63.1,-20
crawl/sci-fi/get-on-up-pdf.fountain,SCENE_SHUFFLE,70.8,74.9,4.1
crawl/sci-fi/get-on-up-pdf.fountain,MIDPOINT_DROP,70.8,73.8,3
crawl/sci-fi/get-on-up-pdf.fountain,CLIMAX_RELOCATE,70.8,70.9,0.1
crawl/sci-fi/get-on-up-pdf.fountain,DIALOGUE_FLATTEN,70.8,61.9,-8.9
crawl/sci-fi/heat-pdf.fountain,SCENE_SHUFFLE,87.7,64.6,-23.1
crawl/sci-fi/heat-pdf.fountain,MIDPOINT_DROP,87.7,88,0.3
crawl/sci-fi/heat-pdf.fountain,CLIMAX_RELOCATE,87.7,88.1,0.4
crawl/sci-fi/heat-pdf.fountain,DIALOGUE_FLATTEN,87.7,70.2,-17.5
crawl/sci-fi/call-me-by-your-name-pdf.fountain,SCENE_SHUFFLE,93,90.5,-2.5
crawl/sci-fi/call-me-by-your-name-pdf.fountain,MIDPOINT_DROP,93,90.6,-2.4
crawl/sci-fi/call-me-by-your-name-pdf.fountain,CLIMAX_RELOCATE,93,92.3,-0.7
crawl/sci-fi/call-me-by-your-name-pdf.fountain,DIALOGUE_FLATTEN,93,72.8,-20.2
crawl/crime/the-crowded-room.fountain,SCENE_SHUFFLE,86.7,85.5,-1.2
crawl/crime/the-crowded-room.fountain,MIDPOINT_DROP,86.7,88.6,1.9
crawl/crime/the-crowded-room.fountain,CLIMAX_RELOCATE,86.7,86.8,0.1
crawl/crime/the-crowded-room.fountain,DIALOGUE_FLATTEN,86.7,69.6,-17.1
crawl/sci-fi/youth-in-revolt-pdf.fountain,SCENE_SHUFFLE,85.7,85.2,-0.5
crawl/sci-fi/youth-in-revolt-pdf.fountain,MIDPOINT_DROP,85.7,82.1,-3.6
crawl/sci-fi/youth-in-revolt-pdf.fountain,CLIMAX_RELOCATE,85.7,85.9,0.2
crawl/sci-fi/youth-in-revolt-pdf.fountain,DIALOGUE_FLATTEN,85.7,68.6,-17.1
crawl/sci-fi/dunkirk-pdf.fountain,SCENE_SHUFFLE,88.1,89.3,1.2
crawl/sci-fi/dunkirk-pdf.fountain,MIDPOINT_DROP,88.1,89.3,1.2
crawl/sci-fi/dunkirk-pdf.fountain,CLIMAX_RELOCATE,88.1,88.3,0.2
crawl/sci-fi/dunkirk-pdf.fountain,DIALOGUE_FLATTEN,88.1,71.4,-16.7
crawl/sci-fi/frozen-river-pdf.fountain,SCENE_SHUFFLE,84.9,69.4,-15.5
crawl/sci-fi/frozen-river-pdf.fountain,MIDPOINT_DROP,84.9,86.7,1.8
crawl/sci-fi/frozen-river-pdf.fountain,CLIMAX_RELOCATE,84.9,84.4,-0.5
crawl/sci-fi/frozen-river-pdf.fountain,DIALOGUE_FLATTEN,84.9,77.1,-7.8
crawl/action/lake-placid.fountain,SCENE_SHUFFLE,82.6,86.9,4.3
crawl/action/lake-placid.fountain,MIDPOINT_DROP,82.6,81.4,-1.2
crawl/action/lake-placid.fountain,CLIMAX_RELOCATE,82.6,83.3,0.7
crawl/action/lake-placid.fountain,DIALOGUE_FLATTEN,82.6,59.8,-22.8
crawl/crime/croupier-html.fountain,SCENE_SHUFFLE,83,82.1,-0.9
crawl/crime/croupier-html.fountain,MIDPOINT_DROP,83,84.2,1.2
crawl/crime/croupier-html.fountain,CLIMAX_RELOCATE,83,82.1,-0.9
crawl/crime/croupier-html.fountain,DIALOGUE_FLATTEN,83,65.1,-17.9
crawl/action/last-of-the-mohicans.fountain,SCENE_SHUFFLE,81.1,68,-13.1
crawl/action/last-of-the-mohicans.fountain,MIDPOINT_DROP,81.1,92.5,11.4
crawl/action/last-of-the-mohicans.fountain,CLIMAX_RELOCATE,81.1,78.6,-2.5
crawl/action/last-of-the-mohicans.fountain,DIALOGUE_FLATTEN,81.1,69.1,-12
Heavy Metal.fountain.txt,SCENE_SHUFFLE,89.4,85.3,-4.1
Heavy Metal.fountain.txt,MIDPOINT_DROP,89.4,89.3,-0.1
Heavy Metal.fountain.txt,CLIMAX_RELOCATE,89.4,89.4,0
Heavy Metal.fountain.txt,DIALOGUE_FLATTEN,89.4,80.6,-8.8
cars-2-matched.fountain,SCENE_SHUFFLE,85.7,81,-4.7
cars-2-matched.fountain,MIDPOINT_DROP,85.7,85.9,0.2
cars-2-matched.fountain,CLIMAX_RELOCATE,85.7,84.9,-0.8
cars-2-matched.fountain,DIALOGUE_FLATTEN,85.7,67.7,-18
crawl/crime/cellular.fountain,SCENE_SHUFFLE,83.9,96.7,12.8
crawl/crime/cellular.fountain,MIDPOINT_DROP,83.9,87.9,4
crawl/crime/cellular.fountain,CLIMAX_RELOCATE,83.9,85.6,1.7
crawl/crime/cellular.fountain,DIALOGUE_FLATTEN,83.9,67,-16.9
crawl/sci-fi/maggie-s-plan-pdf.fountain,SCENE_SHUFFLE,86,86,0
crawl/sci-fi/maggie-s-plan-pdf.fountain,MIDPOINT_DROP,86,84.2,-1.8
crawl/sci-fi/maggie-s-plan-pdf.fountain,CLIMAX_RELOCATE,86,85.9,-0.1
crawl/sci-fi/maggie-s-plan-pdf.fountain,DIALOGUE_FLATTEN,86,67.4,-18.6
crawl/crime/reindeer-games.fountain,SCENE_SHUFFLE,87.6,89.6,2
crawl/crime/reindeer-games.fountain,MIDPOINT_DROP,87.6,90.4,2.8
crawl/crime/reindeer-games.fountain,CLIMAX_RELOCATE,87.6,87.2,-0.4
crawl/crime/reindeer-games.fountain,DIALOGUE_FLATTEN,87.6,71,-16.6
crawl/action/snow-falling-on-cedars.fountain,SCENE_SHUFFLE,89.5,67.2,-22.3
crawl/action/snow-falling-on-cedars.fountain,MIDPOINT_DROP,89.5,89.4,-0.1
crawl/action/snow-falling-on-cedars.fountain,CLIMAX_RELOCATE,89.5,89.5,0
crawl/action/snow-falling-on-cedars.fountain,DIALOGUE_FLATTEN,89.5,71.5,-18
crawl/sci-fi/arac-attack-released-as-eight-legged-freaks-pdf.fountain,SCENE_SHUFFLE,89.3,68.4,-20.9
crawl/sci-fi/arac-attack-released-as-eight-legged-freaks-pdf.fountain,MIDPOINT_DROP,89.3,89.1,-0.2
crawl/sci-fi/arac-attack-released-as-eight-legged-freaks-pdf.fountain,CLIMAX_RELOCATE,89.3,89.3,0
crawl/sci-fi/arac-attack-released-as-eight-legged-freaks-pdf.fountain,DIALOGUE_FLATTEN,89.3,71.3,-18
crawl/action/13-days.fountain,SCENE_SHUFFLE,92.8,72.6,-20.2
crawl/action/13-days.fountain,MIDPOINT_DROP,92.8,96.7,3.9
crawl/action/13-days.fountain,CLIMAX_RELOCATE,92.8,92.7,-0.1
crawl/action/13-days.fountain,DIALOGUE_FLATTEN,92.8,71.2,-21.6
crawl/action/copycat.fountain,SCENE_SHUFFLE,81.9,68.2,-13.7
crawl/action/copycat.fountain,MIDPOINT_DROP,81.9,86.1,4.2
crawl/action/copycat.fountain,CLIMAX_RELOCATE,81.9,81.4,-0.5
crawl/action/copycat.fountain,DIALOGUE_FLATTEN,81.9,69.2,-12.7
Monsters_University.fountain.txt,SCENE_SHUFFLE,89.9,97,7.1
Monsters_University.fountain.txt,MIDPOINT_DROP,89.9,90.4,0.5
Monsters_University.fountain.txt,CLIMAX_RELOCATE,89.9,89.1,-0.8
Monsters_University.fountain.txt,DIALOGUE_FLATTEN,89.9,61.5,-28.4
crawl/action/watchmen-html.fountain,SCENE_SHUFFLE,90.1,91.4,1.3
crawl/action/watchmen-html.fountain,MIDPOINT_DROP,90.1,89.3,-0.8
crawl/action/watchmen-html.fountain,CLIMAX_RELOCATE,90.1,90.1,0
crawl/action/watchmen-html.fountain,DIALOGUE_FLATTEN,90.1,75,-15.1
crawl/crime/glengarry-glen-ross.fountain,SCENE_SHUFFLE,87.2,81,-6.2
crawl/crime/glengarry-glen-ross.fountain,MIDPOINT_DROP,87.2,86.4,-0.8
crawl/crime/glengarry-glen-ross.fountain,CLIMAX_RELOCATE,87.2,87.2,0
crawl/crime/glengarry-glen-ross.fountain,DIALOGUE_FLATTEN,87.2,69.1,-18.1
crawl/sci-fi/the-royal-tenenbaums-pdf.fountain,SCENE_SHUFFLE,91.1,70.5,-20.6
crawl/sci-fi/the-royal-tenenbaums-pdf.fountain,MIDPOINT_DROP,91.1,90.4,-0.7
crawl/sci-fi/the-royal-tenenbaums-pdf.fountain,CLIMAX_RELOCATE,91.1,90.8,-0.3
crawl/sci-fi/the-royal-tenenbaums-pdf.fountain,DIALOGUE_FLATTEN,91.1,69.5,-21.6
crawl/sci-fi/the-zero-theorem-pdf.fountain,SCENE_SHUFFLE,92.5,96.7,4.2
crawl/sci-fi/the-zero-theorem-pdf.fountain,MIDPOINT_DROP,92.5,92.4,-0.1
crawl/sci-fi/the-zero-theorem-pdf.fountain,CLIMAX_RELOCATE,92.5,88.9,-3.6
crawl/sci-fi/the-zero-theorem-pdf.fountain,DIALOGUE_FLATTEN,92.5,78,-14.5
crawl/war/rushmore.fountain,SCENE_SHUFFLE,88.3,82.3,-6
crawl/war/rushmore.fountain,MIDPOINT_DROP,88.3,86.9,-1.4
crawl/war/rushmore.fountain,CLIMAX_RELOCATE,88.3,88.3,0
crawl/war/rushmore.fountain,DIALOGUE_FLATTEN,88.3,70.3,-18
crawl/sci-fi/macbeth-pdf.fountain,SCENE_SHUFFLE,95.3,96.3,1
crawl/sci-fi/macbeth-pdf.fountain,MIDPOINT_DROP,95.3,94.3,-1
crawl/sci-fi/macbeth-pdf.fountain,CLIMAX_RELOCATE,95.3,95.6,0.3
crawl/sci-fi/macbeth-pdf.fountain,DIALOGUE_FLATTEN,95.3,76.9,-18.4
crawl/sci-fi/game-6-pdf.fountain,SCENE_SHUFFLE,86.1,88.8,2.7
crawl/sci-fi/game-6-pdf.fountain,MIDPOINT_DROP,86.1,87.8,1.7
crawl/sci-fi/game-6-pdf.fountain,CLIMAX_RELOCATE,86.1,87.2,1.1
crawl/sci-fi/game-6-pdf.fountain,DIALOGUE_FLATTEN,86.1,68.5,-17.6
crawl/horror/beavis-and-butt-head-do-america.fountain,SCENE_SHUFFLE,89.2,74.9,-14.3
crawl/horror/beavis-and-butt-head-do-america.fountain,MIDPOINT_DROP,89.2,89.3,0.1
crawl/horror/beavis-and-butt-head-do-america.fountain,CLIMAX_RELOCATE,89.2,89.2,0
crawl/horror/beavis-and-butt-head-do-america.fountain,DIALOGUE_FLATTEN,89.2,71.2,-18
crawl/sci-fi/hitchhiker-s-guide-to-the-galaxy-pdf.fountain,SCENE_SHUFFLE,82.3,86.6,4.3
crawl/sci-fi/hitchhiker-s-guide-to-the-galaxy-pdf.fountain,MIDPOINT_DROP,82.3,82.1,-0.2
crawl/sci-fi/hitchhiker-s-guide-to-the-galaxy-pdf.fountain,CLIMAX_RELOCATE,82.3,82.3,0
crawl/sci-fi/hitchhiker-s-guide-to-the-galaxy-pdf.fountain,DIALOGUE_FLATTEN,82.3,63.6,-18.7
crawl/action/there-s-something-about-mary.fountain,SCENE_SHUFFLE,83.9,71.4,-12.5
crawl/action/there-s-something-about-mary.fountain,MIDPOINT_DROP,83.9,82.5,-1.4
crawl/action/there-s-something-about-mary.fountain,CLIMAX_RELOCATE,83.9,83.2,-0.7
crawl/action/there-s-something-about-mary.fountain,DIALOGUE_FLATTEN,83.9,68.9,-15
crawl/sci-fi/chronicle-pdf.fountain,SCENE_SHUFFLE,87.8,86.1,-1.7
crawl/sci-fi/chronicle-pdf.fountain,MIDPOINT_DROP,87.8,89.7,1.9
crawl/sci-fi/chronicle-pdf.fountain,CLIMAX_RELOCATE,87.8,87.6,-0.2
crawl/sci-fi/chronicle-pdf.fountain,DIALOGUE_FLATTEN,87.8,70.7,-17.1
crawl/sci-fi/the-postman-pdf.fountain,SCENE_SHUFFLE,89,88.3,-0.7
crawl/sci-fi/the-postman-pdf.fountain,MIDPOINT_DROP,89,89.1,0.1
crawl/sci-fi/the-postman-pdf.fountain,CLIMAX_RELOCATE,89,89.2,0.2
crawl/sci-fi/the-postman-pdf.fountain,DIALOGUE_FLATTEN,89,71.3,-17.7
crawl/crime/thunderheart.fountain,SCENE_SHUFFLE,86.9,91.7,4.8
crawl/crime/thunderheart.fountain,MIDPOINT_DROP,86.9,87.1,0.2
crawl/crime/thunderheart.fountain,CLIMAX_RELOCATE,86.9,86.7,-0.2
crawl/crime/thunderheart.fountain,DIALOGUE_FLATTEN,86.9,68.9,-18
crawl/action/fear-and-loathing-in-las-vegas.fountain,SCENE_SHUFFLE,93.1,74.6,-18.5
crawl/action/fear-and-loathing-in-las-vegas.fountain,MIDPOINT_DROP,93.1,95.6,2.5
crawl/action/fear-and-loathing-in-las-vegas.fountain,CLIMAX_RELOCATE,93.1,94.8,1.7
crawl/action/fear-and-loathing-in-las-vegas.fountain,DIALOGUE_FLATTEN,93.1,74.4,-18.7
crawl/crime/high-fidelity.fountain,SCENE_SHUFFLE,89.7,96.5,6.8
crawl/crime/high-fidelity.fountain,MIDPOINT_DROP,89.7,94.7,5
crawl/crime/high-fidelity.fountain,CLIMAX_RELOCATE,89.7,90,0.3
crawl/crime/high-fidelity.fountain,DIALOGUE_FLATTEN,89.7,71.6,-18.1
crawl/crime/juno.fountain,SCENE_SHUFFLE,85.2,72.3,-12.9
crawl/crime/juno.fountain,MIDPOINT_DROP,85.2,84.1,-1.1
crawl/crime/juno.fountain,CLIMAX_RELOCATE,85.2,84.8,-0.4
crawl/crime/juno.fountain,DIALOGUE_FLATTEN,85.2,67.2,-18
crawl/sci-fi/gone-girl-pdf.fountain,SCENE_SHUFFLE,89.5,88.9,-0.6
crawl/sci-fi/gone-girl-pdf.fountain,MIDPOINT_DROP,89.5,88.2,-1.3
crawl/sci-fi/gone-girl-pdf.fountain,CLIMAX_RELOCATE,89.5,89.5,0
crawl/sci-fi/gone-girl-pdf.fountain,DIALOGUE_FLATTEN,89.5,70.8,-18.7
crawl/sci-fi/brooklyn-pdf.fountain,SCENE_SHUFFLE,85.5,65.1,-20.4
crawl/sci-fi/brooklyn-pdf.fountain,MIDPOINT_DROP,85.5,83.3,-2.2
crawl/sci-fi/brooklyn-pdf.fountain,CLIMAX_RELOCATE,85.5,83.9,-1.6
crawl/sci-fi/brooklyn-pdf.fountain,DIALOGUE_FLATTEN,85.5,67.2,-18.3
crawl/action/mighty-morphin-power-rangers.fountain,SCENE_SHUFFLE,88.8,93.7,4.9
crawl/action/mighty-morphin-power-rangers.fountain,MIDPOINT_DROP,88.8,86.3,-2.5
crawl/action/mighty-morphin-power-rangers.fountain,CLIMAX_RELOCATE,88.8,92.1,3.3
crawl/action/mighty-morphin-power-rangers.fountain,DIALOGUE_FLATTEN,88.8,74.5,-14.3
crawl/sci-fi/the-power-of-one-pdf.fountain,SCENE_SHUFFLE,93.5,78.1,-15.4
crawl/sci-fi/the-power-of-one-pdf.fountain,MIDPOINT_DROP,93.5,86.6,-6.9
crawl/sci-fi/the-power-of-one-pdf.fountain,CLIMAX_RELOCATE,93.5,92.6,-0.9
crawl/sci-fi/the-power-of-one-pdf.fountain,DIALOGUE_FLATTEN,93.5,67.3,-26.2
crawl/sci-fi/confidence-pdf.fountain,SCENE_SHUFFLE,86.7,79.2,-7.5
crawl/sci-fi/confidence-pdf.fountain,MIDPOINT_DROP,86.7,85.1,-1.6
crawl/sci-fi/confidence-pdf.fountain,CLIMAX_RELOCATE,86.7,87.3,0.6
crawl/sci-fi/confidence-pdf.fountain,DIALOGUE_FLATTEN,86.7,62.1,-24.6
crawl/horror/the-ghost-and-the-darkness.fountain,SCENE_SHUFFLE,87.3,87.3,0
crawl/horror/the-ghost-and-the-darkness.fountain,MIDPOINT_DROP,87.3,84.4,-2.9
crawl/horror/the-ghost-and-the-darkness.fountain,CLIMAX_RELOCATE,87.3,87.3,0
crawl/horror/the-ghost-and-the-darkness.fountain,DIALOGUE_FLATTEN,87.3,69.3,-18
crawl/action/cold-mountain.fountain,SCENE_SHUFFLE,86.2,71.4,-14.8
crawl/action/cold-mountain.fountain,MIDPOINT_DROP,86.2,84.7,-1.5
crawl/action/cold-mountain.fountain,CLIMAX_RELOCATE,86.2,85.7,-0.5
crawl/action/cold-mountain.fountain,DIALOGUE_FLATTEN,86.2,68.8,-17.4
crawl/sci-fi/unbroken-pdf.fountain,SCENE_SHUFFLE,89.3,81.6,-7.7
crawl/sci-fi/unbroken-pdf.fountain,MIDPOINT_DROP,89.3,89.2,-0.1
crawl/sci-fi/unbroken-pdf.fountain,CLIMAX_RELOCATE,89.3,89.3,0
crawl/sci-fi/unbroken-pdf.fountain,DIALOGUE_FLATTEN,89.3,71.3,-18
crawl/sci-fi/harold-and-kumar-go-to-white-castle-pdf.fountain,SCENE_SHUFFLE,83.5,89.4,5.9
crawl/sci-fi/harold-and-kumar-go-to-white-castle-pdf.fountain,MIDPOINT_DROP,83.5,84.4,0.9
crawl/sci-fi/harold-and-kumar-go-to-white-castle-pdf.fountain,CLIMAX_RELOCATE,83.5,83.6,0.1
crawl/sci-fi/harold-and-kumar-go-to-white-castle-pdf.fountain,DIALOGUE_FLATTEN,83.5,66,-17.5
crawl/crime/basic.fountain,SCENE_SHUFFLE,85.5,69.8,-15.7
crawl/crime/basic.fountain,MIDPOINT_DROP,85.5,83,-2.5
crawl/crime/basic.fountain,CLIMAX_RELOCATE,85.5,84.7,-0.8
crawl/crime/basic.fountain,DIALOGUE_FLATTEN,85.5,70.6,-14.9
crawl/crime/wild-at-heart.fountain,SCENE_SHUFFLE,94.8,94,-0.8
crawl/crime/wild-at-heart.fountain,MIDPOINT_DROP,94.8,93.3,-1.5
crawl/crime/wild-at-heart.fountain,CLIMAX_RELOCATE,94.8,94.8,0
crawl/crime/wild-at-heart.fountain,DIALOGUE_FLATTEN,94.8,76.8,-18
crawl/adventure/sugar-html.fountain,SCENE_SHUFFLE,96.7,86.7,-10
crawl/adventure/sugar-html.fountain,MIDPOINT_DROP,96.7,96,-0.7
crawl/adventure/sugar-html.fountain,CLIMAX_RELOCATE,96.7,96.7,0
crawl/adventure/sugar-html.fountain,DIALOGUE_FLATTEN,96.7,78.7,-18
crawl/thriller/swingers.fountain,SCENE_SHUFFLE,88.8,88.4,-0.4
crawl/thriller/swingers.fountain,MIDPOINT_DROP,88.8,88.5,-0.3
crawl/thriller/swingers.fountain,CLIMAX_RELOCATE,88.8,88.8,0
crawl/thriller/swingers.fountain,DIALOGUE_FLATTEN,88.8,70.8,-18
crawl/sci-fi/sing-street-pdf.fountain,SCENE_SHUFFLE,83.6,83.8,0.2
crawl/sci-fi/sing-street-pdf.fountain,MIDPOINT_DROP,83.6,81.1,-2.5
crawl/sci-fi/sing-street-pdf.fountain,CLIMAX_RELOCATE,83.6,83,-0.6
crawl/sci-fi/sing-street-pdf.fountain,DIALOGUE_FLATTEN,83.6,66,-17.6
crawl/drama/the-public-eye.fountain,SCENE_SHUFFLE,84.6,76.6,-8
crawl/drama/the-public-eye.fountain,MIDPOINT_DROP,84.6,88.9,4.3
crawl/drama/the-public-eye.fountain,CLIMAX_RELOCATE,84.6,84,-0.6
crawl/drama/the-public-eye.fountain,DIALOGUE_FLATTEN,84.6,68,-16.6
crawl/action/red-planet.fountain,SCENE_SHUFFLE,83.5,68.6,-14.9
crawl/action/red-planet.fountain,MIDPOINT_DROP,83.5,84.2,0.7
crawl/action/red-planet.fountain,CLIMAX_RELOCATE,83.5,63.3,-20.2
crawl/action/red-planet.fountain,DIALOGUE_FLATTEN,83.5,67.4,-16.1
crawl/sci-fi/elle-pdf.fountain,SCENE_SHUFFLE,84.8,87.5,2.7
crawl/sci-fi/elle-pdf.fountain,MIDPOINT_DROP,84.8,84.5,-0.3
crawl/sci-fi/elle-pdf.fountain,CLIMAX_RELOCATE,84.8,85,0.2
crawl/sci-fi/elle-pdf.fountain,DIALOGUE_FLATTEN,84.8,67.5,-17.3
crawl/sci-fi/silence-pdf.fountain,SCENE_SHUFFLE,88.2,67.2,-21
crawl/sci-fi/silence-pdf.fountain,MIDPOINT_DROP,88.2,86.1,-2.1
crawl/sci-fi/silence-pdf.fountain,CLIMAX_RELOCATE,88.2,88.8,0.6
crawl/sci-fi/silence-pdf.fountain,DIALOGUE_FLATTEN,88.2,70.1,-18.1
crawl/drama/the-kingdom-of-heaven-pdf.fountain,SCENE_SHUFFLE,89.6,90.9,1.3
crawl/drama/the-kingdom-of-heaven-pdf.fountain,MIDPOINT_DROP,89.6,92,2.4
crawl/drama/the-kingdom-of-heaven-pdf.fountain,CLIMAX_RELOCATE,89.6,89.7,0.1
crawl/drama/the-kingdom-of-heaven-pdf.fountain,DIALOGUE_FLATTEN,89.6,70.9,-18.7
crawl/sci-fi/newsies-pdf.fountain,SCENE_SHUFFLE,88.8,74.9,-13.9
crawl/sci-fi/newsies-pdf.fountain,MIDPOINT_DROP,88.8,88.6,-0.2
crawl/sci-fi/newsies-pdf.fountain,CLIMAX_RELOCATE,88.8,88.8,0
crawl/sci-fi/newsies-pdf.fountain,DIALOGUE_FLATTEN,88.8,70.3,-18.5
crawl/crime/dark-city.fountain,SCENE_SHUFFLE,98.8,94.4,-4.4
crawl/crime/dark-city.fountain,MIDPOINT_DROP,98.8,98.6,-0.2
crawl/crime/dark-city.fountain,CLIMAX_RELOCATE,98.8,98.8,0
crawl/crime/dark-city.fountain,DIALOGUE_FLATTEN,98.8,80.9,-17.9
crawl/action/punch-drunk-love.fountain,SCENE_SHUFFLE,78.4,87.4,9
crawl/action/punch-drunk-love.fountain,MIDPOINT_DROP,78.4,77.6,-0.8
crawl/action/punch-drunk-love.fountain,CLIMAX_RELOCATE,78.4,78,-0.4
crawl/action/punch-drunk-love.fountain,DIALOGUE_FLATTEN,78.4,68.8,-9.6
crawl/crime/speed-pdf.fountain,SCENE_SHUFFLE,81.6,87.9,6.3
crawl/crime/speed-pdf.fountain,MIDPOINT_DROP,81.6,80.4,-1.2
crawl/crime/speed-pdf.fountain,CLIMAX_RELOCATE,81.6,83.4,1.8
crawl/crime/speed-pdf.fountain,DIALOGUE_FLATTEN,81.6,64.5,-17.1
crawl/horror/interview-with-the-vampire-pdf.fountain,SCENE_SHUFFLE,89.5,89.6,0.1
crawl/horror/interview-with-the-vampire-pdf.fountain,MIDPOINT_DROP,89.5,94,4.5
crawl/horror/interview-with-the-vampire-pdf.fountain,CLIMAX_RELOCATE,89.5,89.5,0
crawl/horror/interview-with-the-vampire-pdf.fountain,DIALOGUE_FLATTEN,89.5,68.2,-21.3
crawl/sci-fi/babel-pdf.fountain,SCENE_SHUFFLE,89.6,60.2,-29.4
crawl/sci-fi/babel-pdf.fountain,MIDPOINT_DROP,89.6,90,0.4
crawl/sci-fi/babel-pdf.fountain,CLIMAX_RELOCATE,89.6,89.4,-0.2
crawl/sci-fi/babel-pdf.fountain,DIALOGUE_FLATTEN,89.6,71.3,-18.3
